id,pi_lower,pi_upper
108082,0,10000
108083,0,10000
108084,0,10000
108085,0,10000
108086,0,10000
108087,0,10000
108088,0,10000
108089,0,10000
108090,0,10000
108091,0,10000
108092,0,10000
108093,0,10000
108094,0,10000
108095,0,10000
108096,0,10000
108097,0,10000
108098,0,10000
108099,0,10000
108100,0,10000
108101,0,10000
108102,0,10000
108103,0,10000
108104,0,10000
108105,0,10000
108106,0,10000
108107,0,10000
108108,0,10000
108109,0,10000
108110,0,10000
108111,0,10000
108112,0,10000
108113,0,10000
108114,0,10000
108115,0,10000
108116,0,10000
108117,0,10000
108118,0,10000
108119,0,10000
108120,0,10000
108121,0,10000
108122,0,10000
108123,0,10000
108124,0,10000
108125,0,10000
108126,0,10000
108127,0,10000
108128,0,10000
108129,0,10000
108130,0,10000
108131,0,10000
108132,0,10000
108133,0,10000
108134,0,10000
108135,0,10000
108136,0,10000
108137,0,10000
108138,0,10000
108139,0,10000
108140,0,10000
108141,0,10000
108142,0,10000
108143,0,10000
108144,0,10000
108145,0,10000
108146,0,10000
108147,0,10000
108148,0,10000
108149,0,10000
108150,0,10000
108151,0,10000
108152,0,10000
108153,0,10000
108154,0,10000
108155,0,10000
108156,0,10000
108157,0,10000
108158,0,10000
108159,0,10000
108160,0,10000
108161,0,10000
108162,0,10000
108163,0,10000
108164,0,10000
108165,0,10000
108166,0,10000
108167,0,10000
108168,0,10000
108169,0,10000
108170,0,10000
108171,0,10000
108172,0,10000
108173,0,10000
108174,0,10000
108175,0,10000
108176,0,10000
108177,0,10000
108178,0,10000
108179,0,10000
108180,0,10000
108181,0,10000
108182,0,10000
108183,0,10000
108184,0,10000
108185,0,10000
108186,0,10000
108187,0,10000
108188,0,10000
108189,0,10000
108190,0,10000
108191,0,10000
108192,0,10000
108193,0,10000
108194,0,10000
108195,0,10000
108196,0,10000
108197,0,10000
108198,0,10000
108199,0,10000
108200,0,10000
108201,0,10000
108202,0,10000
108203,0,10000
108204,0,10000
108205,0,10000
108206,0,10000
108207,0,10000
108208,0,10000
108209,0,10000
108210,0,10000
108211,0,10000
108212,0,10000
108213,0,10000
108214,0,10000
108215,0,10000
108216,0,10000
108217,0,10000
108218,0,10000
108219,0,10000
108220,0,10000
108221,0,10000
108222,0,10000
108223,0,10000
108224,0,10000
108225,0,10000
108226,0,10000
108227,0,10000
108228,0,10000
108229,0,10000
108230,0,10000
108231,0,10000
108232,0,10000
108233,0,10000
108234,0,10000
108235,0,10000
108236,0,10000
108237,0,10000
108238,0,10000
108239,0,10000
108240,0,10000
108241,0,10000
108242,0,10000
108243,0,10000
108244,0,10000
108245,0,10000
108246,0,10000
108247,0,10000
108248,0,10000
108249,0,10000
108250,0,10000
108251,0,10000
108252,0,10000
108253,0,10000
108254,0,10000
108255,0,10000
108256,0,10000
108257,0,10000
108258,0,10000
108259,0,10000
108260,0,10000
108261,0,10000
108262,0,10000
108263,0,10000
108264,0,10000
108265,0,10000
108266,0,10000
108267,0,10000
108268,0,10000
108269,0,10000
108270,0,10000
108271,0,10000
108272,0,10000
108273,0,10000
108274,0,10000
108275,0,10000
108276,0,10000
108277,0,10000
108278,0,10000
108279,0,10000
108280,0,10000
108281,0,10000
108282,0,10000
108283,0,10000
108284,0,10000
108285,0,10000
108286,0,10000
108287,0,10000
108288,0,10000
108289,0,10000
108290,0,10000
108291,0,10000
108292,0,10000
108293,0,10000
108294,0,10000
108295,0,10000
108296,0,10000
108297,0,10000
108298,0,10000
108299,0,10000
108300,0,10000
108301,0,10000
108302,0,10000
108303,0,10000
108304,0,10000
108305,0,10000
108306,0,10000
108307,0,10000
108308,0,10000
108309,0,10000
108310,0,10000
108311,0,10000
108312,0,10000
108313,0,10000
108314,0,10000
108315,0,10000
108316,0,10000
108317,0,10000
108318,0,10000
108319,0,10000
108320,0,10000
108321,0,10000
108322,0,10000
108323,0,10000
108324,0,10000
108325,0,10000
108326,0,10000
108327,0,10000
108328,0,10000
108329,0,10000
108330,0,10000
108331,0,10000
108332,0,10000
108333,0,10000
108334,0,10000
108335,0,10000
108336,0,10000
108337,0,10000
108338,0,10000
108339,0,10000
108340,0,10000
108341,0,10000
108342,0,10000
108343,0,10000
108344,0,10000
108345,0,10000
108346,0,10000
108347,0,10000
108348,0,10000
108349,0,10000
108350,0,10000
108351,0,10000
108352,0,10000
108353,0,10000
108354,0,10000
108355,0,10000
108356,0,10000
108357,0,10000
108358,0,10000
108359,0,10000
108360,0,10000
108361,0,10000
108362,0,10000
108363,0,10000
108364,0,10000
108365,0,10000
108366,0,10000
108367,0,10000
108368,0,10000
108369,0,10000
108370,0,10000
108371,0,10000
108372,0,10000
108373,0,10000
108374,0,10000
108375,0,10000
108376,0,10000
108377,0,10000
108378,0,10000
108379,0,10000
108380,0,10000
108381,0,10000
108382,0,10000
108383,0,10000
108384,0,10000
108385,0,10000
108386,0,10000
108387,0,10000
108388,0,10000
108389,0,10000
108390,0,10000
108391,0,10000
108392,0,10000
108393,0,10000
108394,0,10000
108395,0,10000
108396,0,10000
108397,0,10000
108398,0,10000
108399,0,10000
108400,0,10000
108401,0,10000
108402,0,10000
108403,0,10000
108404,0,10000
108405,0,10000
108406,0,10000
108407,0,10000
108408,0,10000
108409,0,10000
108410,0,10000
108411,0,10000
108412,0,10000
108413,0,10000
108414,0,10000
108415,0,10000
108416,0,10000
108417,0,10000
108418,0,10000
108419,0,10000
108420,0,10000
108421,0,10000
108422,0,10000
108423,0,10000
108424,0,10000
108425,0,10000
108426,0,10000
108427,0,10000
108428,0,10000
108429,0,10000
108430,0,10000
108431,0,10000
108432,0,10000
108433,0,10000
108434,0,10000
108435,0,10000
108436,0,10000
108437,0,10000
108438,0,10000
108439,0,10000
108440,0,10000
108441,0,10000
108442,0,10000
108443,0,10000
108444,0,10000
108445,0,10000
108446,0,10000
108447,0,10000
108448,0,10000
108449,0,10000
108450,0,10000
108451,0,10000
108452,0,10000
108453,0,10000
108454,0,10000
108455,0,10000
108456,0,10000
108457,0,10000
108458,0,10000
108459,0,10000
108460,0,10000
108461,0,10000
108462,0,10000
108463,0,10000
108464,0,10000
108465,0,10000
108466,0,10000
108467,0,10000
108468,0,10000
108469,0,10000
108470,0,10000
108471,0,10000
108472,0,10000
108473,0,10000
108474,0,10000
108475,0,10000
108476,0,10000
108477,0,10000
108478,0,10000
108479,0,10000
108480,0,10000
108481,0,10000
108482,0,10000
108483,0,10000
108484,0,10000
108485,0,10000
108486,0,10000
108487,0,10000
108488,0,10000
108489,0,10000
108490,0,10000
108491,0,10000
108492,0,10000
108493,0,10000
108494,0,10000
108495,0,10000
108496,0,10000
108497,0,10000
108498,0,10000
108499,0,10000
108500,0,10000
108501,0,10000
108502,0,10000
108503,0,10000
108504,0,10000
108505,0,10000
108506,0,10000
108507,0,10000
108508,0,10000
108509,0,10000
108510,0,10000
108511,0,10000
108512,0,10000
108513,0,10000
108514,0,10000
108515,0,10000
108516,0,10000
108517,0,10000
108518,0,10000
108519,0,10000
108520,0,10000
108521,0,10000
108522,0,10000
108523,0,10000
108524,0,10000
108525,0,10000
108526,0,10000
108527,0,10000
108528,0,10000
108529,0,10000
108530,0,10000
108531,0,10000
108532,0,10000
108533,0,10000
108534,0,10000
108535,0,10000
108536,0,10000
108537,0,10000
108538,0,10000
108539,0,10000
108540,0,10000
108541,0,10000
108542,0,10000
108543,0,10000
108544,0,10000
108545,0,10000
108546,0,10000
108547,0,10000
108548,0,10000
108549,0,10000
108550,0,10000
108551,0,10000
108552,0,10000
108553,0,10000
108554,0,10000
108555,0,10000
108556,0,10000
108557,0,10000
108558,0,10000
108559,0,10000
108560,0,10000
108561,0,10000
108562,0,10000
108563,0,10000
108564,0,10000
108565,0,10000
108566,0,10000
108567,0,10000
108568,0,10000
108569,0,10000
108570,0,10000
108571,0,10000
108572,0,10000
108573,0,10000
108574,0,10000
108575,0,10000
108576,0,10000
108577,0,10000
108578,0,10000
108579,0,10000
108580,0,10000
108581,0,10000
108582,0,10000
108583,0,10000
108584,0,10000
108585,0,10000
108586,0,10000
108587,0,10000
108588,0,10000
108589,0,10000
108590,0,10000
108591,0,10000
108592,0,10000
108593,0,10000
108594,0,10000
108595,0,10000
108596,0,10000
108597,0,10000
108598,0,10000
108599,0,10000
108600,0,10000
108601,0,10000
108602,0,10000
108603,0,10000
108604,0,10000
108605,0,10000
108606,0,10000
108607,0,10000
108608,0,10000
108609,0,10000
108610,0,10000
108611,0,10000
108612,0,10000
108613,0,10000
108614,0,10000
108615,0,10000
108616,0,10000
108617,0,10000
108618,0,10000
108619,0,10000
108620,0,10000
108621,0,10000
108622,0,10000
108623,0,10000
108624,0,10000
108625,0,10000
108626,0,10000
108627,0,10000
108628,0,10000
108629,0,10000
108630,0,10000
108631,0,10000
108632,0,10000
108633,0,10000
108634,0,10000
108635,0,10000
108636,0,10000
108637,0,10000
108638,0,10000
108639,0,10000
108640,0,10000
108641,0,10000
108642,0,10000
108643,0,10000
108644,0,10000
108645,0,10000
108646,0,10000
108647,0,10000
108648,0,10000
108649,0,10000
108650,0,10000
108651,0,10000
108652,0,10000
108653,0,10000
108654,0,10000
108655,0,10000
108656,0,10000
108657,0,10000
108658,0,10000
108659,0,10000
108660,0,10000
108661,0,10000
108662,0,10000
108663,0,10000
108664,0,10000
108665,0,10000
108666,0,10000
108667,0,10000
108668,0,10000
108669,0,10000
108670,0,10000
108671,0,10000
108672,0,10000
108673,0,10000
108674,0,10000
108675,0,10000
108676,0,10000
108677,0,10000
108678,0,10000
108679,0,10000
108680,0,10000
108681,0,10000
108682,0,10000
108683,0,10000
108684,0,10000
108685,0,10000
108686,0,10000
108687,0,10000
108688,0,10000
108689,0,10000
108690,0,10000
108691,0,10000
108692,0,10000
108693,0,10000
108694,0,10000
108695,0,10000
108696,0,10000
108697,0,10000
108698,0,10000
108699,0,10000
108700,0,10000
108701,0,10000
108702,0,10000
108703,0,10000
108704,0,10000
108705,0,10000
108706,0,10000
108707,0,10000
108708,0,10000
108709,0,10000
108710,0,10000
108711,0,10000
108712,0,10000
108713,0,10000
108714,0,10000
108715,0,10000
108716,0,10000
108717,0,10000
108718,0,10000
108719,0,10000
108720,0,10000
108721,0,10000
108722,0,10000
108723,0,10000
108724,0,10000
108725,0,10000
108726,0,10000
108727,0,10000
108728,0,10000
108729,0,10000
108730,0,10000
108731,0,10000
108732,0,10000
108733,0,10000
108734,0,10000
108735,0,10000
108736,0,10000
108737,0,10000
108738,0,10000
108739,0,10000
108740,0,10000
108741,0,10000
108742,0,10000
108743,0,10000
108744,0,10000
108745,0,10000
108746,0,10000
108747,0,10000
108748,0,10000
108749,0,10000
108750,0,10000
108751,0,10000
108752,0,10000
108753,0,10000
108754,0,10000
108755,0,10000
108756,0,10000
108757,0,10000
108758,0,10000
108759,0,10000
108760,0,10000
108761,0,10000
108762,0,10000
108763,0,10000
108764,0,10000
108765,0,10000
108766,0,10000
108767,0,10000
108768,0,10000
108769,0,10000
108770,0,10000
108771,0,10000
108772,0,10000
108773,0,10000
108774,0,10000
108775,0,10000
108776,0,10000
108777,0,10000
108778,0,10000
108779,0,10000
108780,0,10000
108781,0,10000
108782,0,10000
108783,0,10000
108784,0,10000
108785,0,10000
108786,0,10000
108787,0,10000
108788,0,10000
108789,0,10000
108790,0,10000
108791,0,10000
108792,0,10000
108793,0,10000
108794,0,10000
108795,0,10000
108796,0,10000
108797,0,10000
108798,0,10000
108799,0,10000
108800,0,10000
108801,0,10000
108802,0,10000
108803,0,10000
108804,0,10000
108805,0,10000
108806,0,10000
108807,0,10000
108808,0,10000
108809,0,10000
108810,0,10000
108811,0,10000
108812,0,10000
108813,0,10000
108814,0,10000
108815,0,10000
108816,0,10000
108817,0,10000
108818,0,10000
108819,0,10000
108820,0,10000
108821,0,10000
108822,0,10000
108823,0,10000
108824,0,10000
108825,0,10000
108826,0,10000
108827,0,10000
108828,0,10000
108829,0,10000
108830,0,10000
108831,0,10000
108832,0,10000
108833,0,10000
108834,0,10000
108835,0,10000
108836,0,10000
108837,0,10000
108838,0,10000
108839,0,10000
108840,0,10000
108841,0,10000
108842,0,10000
108843,0,10000
108844,0,10000
108845,0,10000
108846,0,10000
108847,0,10000
108848,0,10000
108849,0,10000
108850,0,10000
108851,0,10000
108852,0,10000
108853,0,10000
108854,0,10000
108855,0,10000
108856,0,10000
108857,0,10000
108858,0,10000
108859,0,10000
108860,0,10000
108861,0,10000
108862,0,10000
108863,0,10000
108864,0,10000
108865,0,10000
108866,0,10000
108867,0,10000
108868,0,10000
108869,0,10000
108870,0,10000
108871,0,10000
108872,0,10000
108873,0,10000
108874,0,10000
108875,0,10000
108876,0,10000
108877,0,10000
108878,0,10000
108879,0,10000
108880,0,10000
108881,0,10000
108882,0,10000
108883,0,10000
108884,0,10000
108885,0,10000
108886,0,10000
108887,0,10000
108888,0,10000
108889,0,10000
108890,0,10000
108891,0,10000
108892,0,10000
108893,0,10000
108894,0,10000
108895,0,10000
108896,0,10000
108897,0,10000
108898,0,10000
108899,0,10000
108900,0,10000
108901,0,10000
108902,0,10000
108903,0,10000
108904,0,10000
108905,0,10000
108906,0,10000
108907,0,10000
108908,0,10000
108909,0,10000
108910,0,10000
108911,0,10000
108912,0,10000
108913,0,10000
108914,0,10000
108915,0,10000
108916,0,10000
108917,0,10000
108918,0,10000
108919,0,10000
108920,0,10000
108921,0,10000
108922,0,10000
108923,0,10000
108924,0,10000
108925,0,10000
108926,0,10000
108927,0,10000
108928,0,10000
108929,0,10000
108930,0,10000
108931,0,10000
108932,0,10000
108933,0,10000
108934,0,10000
108935,0,10000
108936,0,10000
108937,0,10000
108938,0,10000
108939,0,10000
108940,0,10000
108941,0,10000
108942,0,10000
108943,0,10000
108944,0,10000
108945,0,10000
108946,0,10000
108947,0,10000
108948,0,10000
108949,0,10000
108950,0,10000
108951,0,10000
108952,0,10000
108953,0,10000
108954,0,10000
108955,0,10000
108956,0,10000
108957,0,10000
108958,0,10000
108959,0,10000
108960,0,10000
108961,0,10000
108962,0,10000
108963,0,10000
108964,0,10000
108965,0,10000
108966,0,10000
108967,0,10000
108968,0,10000
108969,0,10000
108970,0,10000
108971,0,10000
108972,0,10000
108973,0,10000
108974,0,10000
108975,0,10000
108976,0,10000
108977,0,10000
108978,0,10000
108979,0,10000
108980,0,10000
108981,0,10000
108982,0,10000
108983,0,10000
108984,0,10000
108985,0,10000
108986,0,10000
108987,0,10000
108988,0,10000
108989,0,10000
108990,0,10000
108991,0,10000
108992,0,10000
108993,0,10000
108994,0,10000
108995,0,10000
108996,0,10000
108997,0,10000
108998,0,10000
108999,0,10000
109000,0,10000
109001,0,10000
109002,0,10000
109003,0,10000
109004,0,10000
109005,0,10000
109006,0,10000
109007,0,10000
109008,0,10000
109009,0,10000
109010,0,10000
109011,0,10000
109012,0,10000
109013,0,10000
109014,0,10000
109015,0,10000
109016,0,10000
109017,0,10000
109018,0,10000
109019,0,10000
109020,0,10000
109021,0,10000
109022,0,10000
109023,0,10000
109024,0,10000
109025,0,10000
109026,0,10000
109027,0,10000
109028,0,10000
109029,0,10000
109030,0,10000
109031,0,10000
109032,0,10000
109033,0,10000
109034,0,10000
109035,0,10000
109036,0,10000
109037,0,10000
109038,0,10000
109039,0,10000
109040,0,10000
109041,0,10000
109042,0,10000
109043,0,10000
109044,0,10000
109045,0,10000
109046,0,10000
109047,0,10000
109048,0,10000
109049,0,10000
109050,0,10000
109051,0,10000
109052,0,10000
109053,0,10000
109054,0,10000
109055,0,10000
109056,0,10000
109057,0,10000
109058,0,10000
109059,0,10000
109060,0,10000
109061,0,10000
109062,0,10000
109063,0,10000
109064,0,10000
109065,0,10000
109066,0,10000
109067,0,10000
109068,0,10000
109069,0,10000
109070,0,10000
109071,0,10000
109072,0,10000
109073,0,10000
109074,0,10000
109075,0,10000
109076,0,10000
109077,0,10000
109078,0,10000
109079,0,10000
109080,0,10000
109081,0,10000
109082,0,10000
109083,0,10000
109084,0,10000
109085,0,10000
109086,0,10000
109087,0,10000
109088,0,10000
109089,0,10000
109090,0,10000
109091,0,10000
109092,0,10000
109093,0,10000
109094,0,10000
109095,0,10000
109096,0,10000
109097,0,10000
109098,0,10000
109099,0,10000
109100,0,10000
109101,0,10000
109102,0,10000
109103,0,10000
109104,0,10000
109105,0,10000
109106,0,10000
109107,0,10000
109108,0,10000
109109,0,10000
109110,0,10000
109111,0,10000
109112,0,10000
109113,0,10000
109114,0,10000
109115,0,10000
109116,0,10000
109117,0,10000
109118,0,10000
109119,0,10000
109120,0,10000
109121,0,10000
109122,0,10000
109123,0,10000
109124,0,10000
109125,0,10000
109126,0,10000
109127,0,10000
109128,0,10000
109129,0,10000
109130,0,10000
109131,0,10000
109132,0,10000
109133,0,10000
109134,0,10000
109135,0,10000
109136,0,10000
109137,0,10000
109138,0,10000
109139,0,10000
109140,0,10000
109141,0,10000
109142,0,10000
109143,0,10000
109144,0,10000
109145,0,10000
109146,0,10000
109147,0,10000
109148,0,10000
109149,0,10000
109150,0,10000
109151,0,10000
109152,0,10000
109153,0,10000
109154,0,10000
109155,0,10000
109156,0,10000
109157,0,10000
109158,0,10000
109159,0,10000
109160,0,10000
109161,0,10000
109162,0,10000
109163,0,10000
109164,0,10000
109165,0,10000
109166,0,10000
109167,0,10000
109168,0,10000
109169,0,10000
109170,0,10000
109171,0,10000
109172,0,10000
109173,0,10000
109174,0,10000
109175,0,10000
109176,0,10000
109177,0,10000
109178,0,10000
109179,0,10000
109180,0,10000
109181,0,10000
109182,0,10000
109183,0,10000
109184,0,10000
109185,0,10000
109186,0,10000
109187,0,10000
109188,0,10000
109189,0,10000
109190,0,10000
109191,0,10000
109192,0,10000
109193,0,10000
109194,0,10000
109195,0,10000
109196,0,10000
109197,0,10000
109198,0,10000
109199,0,10000
109200,0,10000
109201,0,10000
109202,0,10000
109203,0,10000
109204,0,10000
109205,0,10000
109206,0,10000
109207,0,10000
109208,0,10000
109209,0,10000
109210,0,10000
109211,0,10000
109212,0,10000
109213,0,10000
109214,0,10000
109215,0,10000
109216,0,10000
109217,0,10000
109218,0,10000
109219,0,10000
109220,0,10000
109221,0,10000
109222,0,10000
109223,0,10000
109224,0,10000
109225,0,10000
109226,0,10000
109227,0,10000
109228,0,10000
109229,0,10000
109230,0,10000
109231,0,10000
109232,0,10000
109233,0,10000
109234,0,10000
109235,0,10000
109236,0,10000
109237,0,10000
109238,0,10000
109239,0,10000
109240,0,10000
109241,0,10000
109242,0,10000
109243,0,10000
109244,0,10000
109245,0,10000
109246,0,10000
109247,0,10000
109248,0,10000
109249,0,10000
109250,0,10000
109251,0,10000
109252,0,10000
109253,0,10000
109254,0,10000
109255,0,10000
109256,0,10000
109257,0,10000
109258,0,10000
109259,0,10000
109260,0,10000
109261,0,10000
109262,0,10000
109263,0,10000
109264,0,10000
109265,0,10000
109266,0,10000
109267,0,10000
109268,0,10000
109269,0,10000
109270,0,10000
109271,0,10000
109272,0,10000
109273,0,10000
109274,0,10000
109275,0,10000
109276,0,10000
109277,0,10000
109278,0,10000
109279,0,10000
109280,0,10000
109281,0,10000
109282,0,10000
109283,0,10000
109284,0,10000
109285,0,10000
109286,0,10000
109287,0,10000
109288,0,10000
109289,0,10000
109290,0,10000
109291,0,10000
109292,0,10000
109293,0,10000
109294,0,10000
109295,0,10000
109296,0,10000
109297,0,10000
109298,0,10000
109299,0,10000
109300,0,10000
109301,0,10000
109302,0,10000
109303,0,10000
109304,0,10000
109305,0,10000
109306,0,10000
109307,0,10000
109308,0,10000
109309,0,10000
109310,0,10000
109311,0,10000
109312,0,10000
109313,0,10000
109314,0,10000
109315,0,10000
109316,0,10000
109317,0,10000
109318,0,10000
109319,0,10000
109320,0,10000
109321,0,10000
109322,0,10000
109323,0,10000
109324,0,10000
109325,0,10000
109326,0,10000
109327,0,10000
109328,0,10000
109329,0,10000
109330,0,10000
109331,0,10000
109332,0,10000
109333,0,10000
109334,0,10000
109335,0,10000
109336,0,10000
109337,0,10000
109338,0,10000
109339,0,10000
109340,0,10000
109341,0,10000
109342,0,10000
109343,0,10000
109344,0,10000
109345,0,10000
109346,0,10000
109347,0,10000
109348,0,10000
109349,0,10000
109350,0,10000
109351,0,10000
109352,0,10000
109353,0,10000
109354,0,10000
109355,0,10000
109356,0,10000
109357,0,10000
109358,0,10000
109359,0,10000
109360,0,10000
109361,0,10000
109362,0,10000
109363,0,10000
109364,0,10000
109365,0,10000
109366,0,10000
109367,0,10000
109368,0,10000
109369,0,10000
109370,0,10000
109371,0,10000
109372,0,10000
109373,0,10000
109374,0,10000
109375,0,10000
109376,0,10000
109377,0,10000
109378,0,10000
109379,0,10000
109380,0,10000
109381,0,10000
109382,0,10000
109383,0,10000
109384,0,10000
109385,0,10000
109386,0,10000
109387,0,10000
109388,0,10000
109389,0,10000
109390,0,10000
109391,0,10000
109392,0,10000
109393,0,10000
109394,0,10000
109395,0,10000
109396,0,10000
109397,0,10000
109398,0,10000
109399,0,10000
109400,0,10000
109401,0,10000
109402,0,10000
109403,0,10000
109404,0,10000
109405,0,10000
109406,0,10000
109407,0,10000
109408,0,10000
109409,0,10000
109410,0,10000
109411,0,10000
109412,0,10000
109413,0,10000
109414,0,10000
109415,0,10000
109416,0,10000
109417,0,10000
109418,0,10000
109419,0,10000
109420,0,10000
109421,0,10000
109422,0,10000
109423,0,10000
109424,0,10000
109425,0,10000
109426,0,10000
109427,0,10000
109428,0,10000
109429,0,10000
109430,0,10000
109431,0,10000
109432,0,10000
109433,0,10000
109434,0,10000
109435,0,10000
109436,0,10000
109437,0,10000
109438,0,10000
109439,0,10000
109440,0,10000
109441,0,10000
109442,0,10000
109443,0,10000
109444,0,10000
109445,0,10000
109446,0,10000
109447,0,10000
109448,0,10000
109449,0,10000
109450,0,10000
109451,0,10000
109452,0,10000
109453,0,10000
109454,0,10000
109455,0,10000
109456,0,10000
109457,0,10000
109458,0,10000
109459,0,10000
109460,0,10000
109461,0,10000
109462,0,10000
109463,0,10000
109464,0,10000
109465,0,10000
109466,0,10000
109467,0,10000
109468,0,10000
109469,0,10000
109470,0,10000
109471,0,10000
109472,0,10000
109473,0,10000
109474,0,10000
109475,0,10000
109476,0,10000
109477,0,10000
109478,0,10000
109479,0,10000
109480,0,10000
109481,0,10000
109482,0,10000
109483,0,10000
109484,0,10000
109485,0,10000
109486,0,10000
109487,0,10000
109488,0,10000
109489,0,10000
109490,0,10000
109491,0,10000
109492,0,10000
109493,0,10000
109494,0,10000
109495,0,10000
109496,0,10000
109497,0,10000
109498,0,10000
109499,0,10000
109500,0,10000
109501,0,10000
109502,0,10000
109503,0,10000
109504,0,10000
109505,0,10000
109506,0,10000
109507,0,10000
109508,0,10000
109509,0,10000
109510,0,10000
109511,0,10000
109512,0,10000
109513,0,10000
109514,0,10000
109515,0,10000
109516,0,10000
109517,0,10000
109518,0,10000
109519,0,10000
109520,0,10000
109521,0,10000
109522,0,10000
109523,0,10000
109524,0,10000
109525,0,10000
109526,0,10000
109527,0,10000
109528,0,10000
109529,0,10000
109530,0,10000
109531,0,10000
109532,0,10000
109533,0,10000
109534,0,10000
109535,0,10000
109536,0,10000
109537,0,10000
109538,0,10000
109539,0,10000
109540,0,10000
109541,0,10000
109542,0,10000
109543,0,10000
109544,0,10000
109545,0,10000
109546,0,10000
109547,0,10000
109548,0,10000
109549,0,10000
109550,0,10000
109551,0,10000
109552,0,10000
109553,0,10000
109554,0,10000
109555,0,10000
109556,0,10000
109557,0,10000
109558,0,10000
109559,0,10000
109560,0,10000
109561,0,10000
109562,0,10000
109563,0,10000
109564,0,10000
109565,0,10000
109566,0,10000
109567,0,10000
109568,0,10000
109569,0,10000
109570,0,10000
109571,0,10000
109572,0,10000
109573,0,10000
109574,0,10000
109575,0,10000
109576,0,10000
109577,0,10000
109578,0,10000
109579,0,10000
109580,0,10000
109581,0,10000
109582,0,10000
109583,0,10000
109584,0,10000
109585,0,10000
109586,0,10000
109587,0,10000
109588,0,10000
109589,0,10000
109590,0,10000
109591,0,10000
109592,0,10000
109593,0,10000
109594,0,10000
109595,0,10000
109596,0,10000
109597,0,10000
109598,0,10000
109599,0,10000
109600,0,10000
109601,0,10000
109602,0,10000
109603,0,10000
109604,0,10000
109605,0,10000
109606,0,10000
109607,0,10000
109608,0,10000
109609,0,10000
109610,0,10000
109611,0,10000
109612,0,10000
109613,0,10000
109614,0,10000
109615,0,10000
109616,0,10000
109617,0,10000
109618,0,10000
109619,0,10000
109620,0,10000
109621,0,10000
109622,0,10000
109623,0,10000
109624,0,10000
109625,0,10000
109626,0,10000
109627,0,10000
109628,0,10000
109629,0,10000
109630,0,10000
109631,0,10000
109632,0,10000
109633,0,10000
109634,0,10000
109635,0,10000
109636,0,10000
109637,0,10000
109638,0,10000
109639,0,10000
109640,0,10000
109641,0,10000
109642,0,10000
109643,0,10000
109644,0,10000
109645,0,10000
109646,0,10000
109647,0,10000
109648,0,10000
109649,0,10000
109650,0,10000
109651,0,10000
109652,0,10000
109653,0,10000
109654,0,10000
109655,0,10000
109656,0,10000
109657,0,10000
109658,0,10000
109659,0,10000
109660,0,10000
109661,0,10000
109662,0,10000
109663,0,10000
109664,0,10000
109665,0,10000
109666,0,10000
109667,0,10000
109668,0,10000
109669,0,10000
109670,0,10000
109671,0,10000
109672,0,10000
109673,0,10000
109674,0,10000
109675,0,10000
109676,0,10000
109677,0,10000
109678,0,10000
109679,0,10000
109680,0,10000
109681,0,10000
109682,0,10000
109683,0,10000
109684,0,10000
109685,0,10000
109686,0,10000
109687,0,10000
109688,0,10000
109689,0,10000
109690,0,10000
109691,0,10000
109692,0,10000
109693,0,10000
109694,0,10000
109695,0,10000
109696,0,10000
109697,0,10000
109698,0,10000
109699,0,10000
109700,0,10000
109701,0,10000
109702,0,10000
109703,0,10000
109704,0,10000
109705,0,10000
109706,0,10000
109707,0,10000
109708,0,10000
109709,0,10000
109710,0,10000
109711,0,10000
109712,0,10000
109713,0,10000
109714,0,10000
109715,0,10000
109716,0,10000
109717,0,10000
109718,0,10000
109719,0,10000
109720,0,10000
109721,0,10000
109722,0,10000
109723,0,10000
109724,0,10000
109725,0,10000
109726,0,10000
109727,0,10000
109728,0,10000
109729,0,10000
109730,0,10000
109731,0,10000
109732,0,10000
109733,0,10000
109734,0,10000
109735,0,10000
109736,0,10000
109737,0,10000
109738,0,10000
109739,0,10000
109740,0,10000
109741,0,10000
109742,0,10000
109743,0,10000
109744,0,10000
109745,0,10000
109746,0,10000
109747,0,10000
109748,0,10000
109749,0,10000
109750,0,10000
109751,0,10000
109752,0,10000
109753,0,10000
109754,0,10000
109755,0,10000
109756,0,10000
109757,0,10000
109758,0,10000
109759,0,10000
109760,0,10000
109761,0,10000
109762,0,10000
109763,0,10000
109764,0,10000
109765,0,10000
109766,0,10000
109767,0,10000
109768,0,10000
109769,0,10000
109770,0,10000
109771,0,10000
109772,0,10000
109773,0,10000
109774,0,10000
109775,0,10000
109776,0,10000
109777,0,10000
109778,0,10000
109779,0,10000
109780,0,10000
109781,0,10000
109782,0,10000
109783,0,10000
109784,0,10000
109785,0,10000
109786,0,10000
109787,0,10000
109788,0,10000
109789,0,10000
109790,0,10000
109791,0,10000
109792,0,10000
109793,0,10000
109794,0,10000
109795,0,10000
109796,0,10000
109797,0,10000
109798,0,10000
109799,0,10000
109800,0,10000
109801,0,10000
109802,0,10000
109803,0,10000
109804,0,10000
109805,0,10000
109806,0,10000
109807,0,10000
109808,0,10000
109809,0,10000
109810,0,10000
109811,0,10000
109812,0,10000
109813,0,10000
109814,0,10000
109815,0,10000
109816,0,10000
109817,0,10000
109818,0,10000
109819,0,10000
109820,0,10000
109821,0,10000
109822,0,10000
109823,0,10000
109824,0,10000
109825,0,10000
109826,0,10000
109827,0,10000
109828,0,10000
109829,0,10000
109830,0,10000
109831,0,10000
109832,0,10000
109833,0,10000
109834,0,10000
109835,0,10000
109836,0,10000
109837,0,10000
109838,0,10000
109839,0,10000
109840,0,10000
109841,0,10000
109842,0,10000
109843,0,10000
109844,0,10000
109845,0,10000
109846,0,10000
109847,0,10000
109848,0,10000
109849,0,10000
109850,0,10000
109851,0,10000
109852,0,10000
109853,0,10000
109854,0,10000
109855,0,10000
109856,0,10000
109857,0,10000
109858,0,10000
109859,0,10000
109860,0,10000
109861,0,10000
109862,0,10000
109863,0,10000
109864,0,10000
109865,0,10000
109866,0,10000
109867,0,10000
109868,0,10000
109869,0,10000
109870,0,10000
109871,0,10000
109872,0,10000
109873,0,10000
109874,0,10000
109875,0,10000
109876,0,10000
109877,0,10000
109878,0,10000
109879,0,10000
109880,0,10000
109881,0,10000
109882,0,10000
109883,0,10000
109884,0,10000
109885,0,10000
109886,0,10000
109887,0,10000
109888,0,10000
109889,0,10000
109890,0,10000
109891,0,10000
109892,0,10000
109893,0,10000
109894,0,10000
109895,0,10000
109896,0,10000
109897,0,10000
109898,0,10000
109899,0,10000
109900,0,10000
109901,0,10000
109902,0,10000
109903,0,10000
109904,0,10000
109905,0,10000
109906,0,10000
109907,0,10000
109908,0,10000
109909,0,10000
109910,0,10000
109911,0,10000
109912,0,10000
109913,0,10000
109914,0,10000
109915,0,10000
109916,0,10000
109917,0,10000
109918,0,10000
109919,0,10000
109920,0,10000
109921,0,10000
109922,0,10000
109923,0,10000
109924,0,10000
109925,0,10000
109926,0,10000
109927,0,10000
109928,0,10000
109929,0,10000
109930,0,10000
109931,0,10000
109932,0,10000
109933,0,10000
109934,0,10000
109935,0,10000
109936,0,10000
109937,0,10000
109938,0,10000
109939,0,10000
109940,0,10000
109941,0,10000
109942,0,10000
109943,0,10000
109944,0,10000
109945,0,10000
109946,0,10000
109947,0,10000
109948,0,10000
109949,0,10000
109950,0,10000
109951,0,10000
109952,0,10000
109953,0,10000
109954,0,10000
109955,0,10000
109956,0,10000
109957,0,10000
109958,0,10000
109959,0,10000
109960,0,10000
109961,0,10000
109962,0,10000
109963,0,10000
109964,0,10000
109965,0,10000
109966,0,10000
109967,0,10000
109968,0,10000
109969,0,10000
109970,0,10000
109971,0,10000
109972,0,10000
109973,0,10000
109974,0,10000
109975,0,10000
109976,0,10000
109977,0,10000
109978,0,10000
109979,0,10000
109980,0,10000
109981,0,10000
109982,0,10000
109983,0,10000
109984,0,10000
109985,0,10000
109986,0,10000
109987,0,10000
109988,0,10000
109989,0,10000
109990,0,10000
109991,0,10000
109992,0,10000
109993,0,10000
109994,0,10000
109995,0,10000
109996,0,10000
109997,0,10000
109998,0,10000
109999,0,10000
110000,0,10000
110001,0,10000
110002,0,10000
110003,0,10000
110004,0,10000
110005,0,10000
110006,0,10000
110007,0,10000
110008,0,10000
110009,0,10000
110010,0,10000
110011,0,10000
110012,0,10000
110013,0,10000
110014,0,10000
110015,0,10000
110016,0,10000
110017,0,10000
110018,0,10000
110019,0,10000
110020,0,10000
110021,0,10000
110022,0,10000
110023,0,10000
110024,0,10000
110025,0,10000
110026,0,10000
110027,0,10000
110028,0,10000
110029,0,10000
110030,0,10000
110031,0,10000
110032,0,10000
110033,0,10000
110034,0,10000
110035,0,10000
110036,0,10000
110037,0,10000
110038,0,10000
110039,0,10000
110040,0,10000
110041,0,10000
110042,0,10000
110043,0,10000
110044,0,10000
110045,0,10000
110046,0,10000
110047,0,10000
110048,0,10000
110049,0,10000
110050,0,10000
110051,0,10000
110052,0,10000
110053,0,10000
110054,0,10000
110055,0,10000
110056,0,10000
110057,0,10000
110058,0,10000
110059,0,10000
110060,0,10000
110061,0,10000
110062,0,10000
110063,0,10000
110064,0,10000
110065,0,10000
110066,0,10000
110067,0,10000
110068,0,10000
110069,0,10000
110070,0,10000
110071,0,10000
110072,0,10000
110073,0,10000
110074,0,10000
110075,0,10000
110076,0,10000
110077,0,10000
110078,0,10000
110079,0,10000
110080,0,10000
110081,0,10000
110082,0,10000
110083,0,10000
110084,0,10000
110085,0,10000
110086,0,10000
110087,0,10000
110088,0,10000
110089,0,10000
110090,0,10000
110091,0,10000
110092,0,10000
110093,0,10000
110094,0,10000
110095,0,10000
110096,0,10000
110097,0,10000
110098,0,10000
110099,0,10000
110100,0,10000
110101,0,10000
110102,0,10000
110103,0,10000
110104,0,10000
110105,0,10000
110106,0,10000
110107,0,10000
110108,0,10000
110109,0,10000
110110,0,10000
110111,0,10000
110112,0,10000
110113,0,10000
110114,0,10000
110115,0,10000
110116,0,10000
110117,0,10000
110118,0,10000
110119,0,10000
110120,0,10000
110121,0,10000
110122,0,10000
110123,0,10000
110124,0,10000
110125,0,10000
110126,0,10000
110127,0,10000
110128,0,10000
110129,0,10000
110130,0,10000
110131,0,10000
110132,0,10000
110133,0,10000
110134,0,10000
110135,0,10000
110136,0,10000
110137,0,10000
110138,0,10000
110139,0,10000
110140,0,10000
110141,0,10000
110142,0,10000
110143,0,10000
110144,0,10000
110145,0,10000
110146,0,10000
110147,0,10000
110148,0,10000
110149,0,10000
110150,0,10000
110151,0,10000
110152,0,10000
110153,0,10000
110154,0,10000
110155,0,10000
110156,0,10000
110157,0,10000
110158,0,10000
110159,0,10000
110160,0,10000
110161,0,10000
110162,0,10000
110163,0,10000
110164,0,10000
110165,0,10000
110166,0,10000
110167,0,10000
110168,0,10000
110169,0,10000
110170,0,10000
110171,0,10000
110172,0,10000
110173,0,10000
110174,0,10000
110175,0,10000
110176,0,10000
110177,0,10000
110178,0,10000
110179,0,10000
110180,0,10000
110181,0,10000
110182,0,10000
110183,0,10000
110184,0,10000
110185,0,10000
110186,0,10000
110187,0,10000
110188,0,10000
110189,0,10000
110190,0,10000
110191,0,10000
110192,0,10000
110193,0,10000
110194,0,10000
110195,0,10000
110196,0,10000
110197,0,10000
110198,0,10000
110199,0,10000
110200,0,10000
110201,0,10000
110202,0,10000
110203,0,10000
110204,0,10000
110205,0,10000
110206,0,10000
110207,0,10000
110208,0,10000
110209,0,10000
110210,0,10000
110211,0,10000
110212,0,10000
110213,0,10000
110214,0,10000
110215,0,10000
110216,0,10000
110217,0,10000
110218,0,10000
110219,0,10000
110220,0,10000
110221,0,10000
110222,0,10000
110223,0,10000
110224,0,10000
110225,0,10000
110226,0,10000
110227,0,10000
110228,0,10000
110229,0,10000
110230,0,10000
110231,0,10000
110232,0,10000
110233,0,10000
110234,0,10000
110235,0,10000
110236,0,10000
110237,0,10000
110238,0,10000
110239,0,10000
110240,0,10000
110241,0,10000
110242,0,10000
110243,0,10000
110244,0,10000
110245,0,10000
110246,0,10000
110247,0,10000
110248,0,10000
110249,0,10000
110250,0,10000
110251,0,10000
110252,0,10000
110253,0,10000
110254,0,10000
110255,0,10000
110256,0,10000
110257,0,10000
110258,0,10000
110259,0,10000
110260,0,10000
110261,0,10000
110262,0,10000
110263,0,10000
110264,0,10000
110265,0,10000
110266,0,10000
110267,0,10000
110268,0,10000
110269,0,10000
110270,0,10000
110271,0,10000
110272,0,10000
110273,0,10000
110274,0,10000
110275,0,10000
110276,0,10000
110277,0,10000
110278,0,10000
110279,0,10000
110280,0,10000
110281,0,10000
110282,0,10000
110283,0,10000
110284,0,10000
110285,0,10000
110286,0,10000
110287,0,10000
110288,0,10000
110289,0,10000
110290,0,10000
110291,0,10000
110292,0,10000
110293,0,10000
110294,0,10000
110295,0,10000
110296,0,10000
110297,0,10000
110298,0,10000
110299,0,10000
110300,0,10000
110301,0,10000
110302,0,10000
110303,0,10000
110304,0,10000
110305,0,10000
110306,0,10000
110307,0,10000
110308,0,10000
110309,0,10000
110310,0,10000
110311,0,10000
110312,0,10000
110313,0,10000
110314,0,10000
110315,0,10000
110316,0,10000
110317,0,10000
110318,0,10000
110319,0,10000
110320,0,10000
110321,0,10000
110322,0,10000
110323,0,10000
110324,0,10000
110325,0,10000
110326,0,10000
110327,0,10000
110328,0,10000
110329,0,10000
110330,0,10000
110331,0,10000
110332,0,10000
110333,0,10000
110334,0,10000
110335,0,10000
110336,0,10000
110337,0,10000
110338,0,10000
110339,0,10000
110340,0,10000
110341,0,10000
110342,0,10000
110343,0,10000
110344,0,10000
110345,0,10000
110346,0,10000
110347,0,10000
110348,0,10000
110349,0,10000
110350,0,10000
110351,0,10000
110352,0,10000
110353,0,10000
110354,0,10000
110355,0,10000
110356,0,10000
110357,0,10000
110358,0,10000
110359,0,10000
110360,0,10000
110361,0,10000
110362,0,10000
110363,0,10000
110364,0,10000
110365,0,10000
110366,0,10000
110367,0,10000
110368,0,10000
110369,0,10000
110370,0,10000
110371,0,10000
110372,0,10000
110373,0,10000
110374,0,10000
110375,0,10000
110376,0,10000
110377,0,10000
110378,0,10000
110379,0,10000
110380,0,10000
110381,0,10000
110382,0,10000
110383,0,10000
110384,0,10000
110385,0,10000
110386,0,10000
110387,0,10000
110388,0,10000
110389,0,10000
110390,0,10000
110391,0,10000
110392,0,10000
110393,0,10000
110394,0,10000
110395,0,10000
110396,0,10000
110397,0,10000
110398,0,10000
110399,0,10000
110400,0,10000
110401,0,10000
110402,0,10000
110403,0,10000
110404,0,10000
110405,0,10000
110406,0,10000
110407,0,10000
110408,0,10000
110409,0,10000
110410,0,10000
110411,0,10000
110412,0,10000
110413,0,10000
110414,0,10000
110415,0,10000
110416,0,10000
110417,0,10000
110418,0,10000
110419,0,10000
110420,0,10000
110421,0,10000
110422,0,10000
110423,0,10000
110424,0,10000
110425,0,10000
110426,0,10000
110427,0,10000
110428,0,10000
110429,0,10000
110430,0,10000
110431,0,10000
110432,0,10000
110433,0,10000
110434,0,10000
110435,0,10000
110436,0,10000
110437,0,10000
110438,0,10000
110439,0,10000
110440,0,10000
110441,0,10000
110442,0,10000
110443,0,10000
110444,0,10000
110445,0,10000
110446,0,10000
110447,0,10000
110448,0,10000
110449,0,10000
110450,0,10000
110451,0,10000
110452,0,10000
110453,0,10000
110454,0,10000
110455,0,10000
110456,0,10000
110457,0,10000
110458,0,10000
110459,0,10000
110460,0,10000
110461,0,10000
110462,0,10000
110463,0,10000
110464,0,10000
110465,0,10000
110466,0,10000
110467,0,10000
110468,0,10000
110469,0,10000
110470,0,10000
110471,0,10000
110472,0,10000
110473,0,10000
110474,0,10000
110475,0,10000
110476,0,10000
110477,0,10000
110478,0,10000
110479,0,10000
110480,0,10000
110481,0,10000
110482,0,10000
110483,0,10000
110484,0,10000
110485,0,10000
110486,0,10000
110487,0,10000
110488,0,10000
110489,0,10000
110490,0,10000
110491,0,10000
110492,0,10000
110493,0,10000
110494,0,10000
110495,0,10000
110496,0,10000
110497,0,10000
110498,0,10000
110499,0,10000
110500,0,10000
110501,0,10000
110502,0,10000
110503,0,10000
110504,0,10000
110505,0,10000
110506,0,10000
110507,0,10000
110508,0,10000
110509,0,10000
110510,0,10000
110511,0,10000
110512,0,10000
110513,0,10000
110514,0,10000
110515,0,10000
110516,0,10000
110517,0,10000
110518,0,10000
110519,0,10000
110520,0,10000
110521,0,10000
110522,0,10000
110523,0,10000
110524,0,10000
110525,0,10000
110526,0,10000
110527,0,10000
110528,0,10000
110529,0,10000
110530,0,10000
110531,0,10000
110532,0,10000
110533,0,10000
110534,0,10000
110535,0,10000
110536,0,10000
110537,0,10000
110538,0,10000
110539,0,10000
110540,0,10000
110541,0,10000
110542,0,10000
110543,0,10000
110544,0,10000
110545,0,10000
110546,0,10000
110547,0,10000
110548,0,10000
110549,0,10000
110550,0,10000
110551,0,10000
110552,0,10000
110553,0,10000
110554,0,10000
110555,0,10000
110556,0,10000
110557,0,10000
110558,0,10000
110559,0,10000
110560,0,10000
110561,0,10000
110562,0,10000
110563,0,10000
110564,0,10000
110565,0,10000
110566,0,10000
110567,0,10000
110568,0,10000
110569,0,10000
110570,0,10000
110571,0,10000
110572,0,10000
110573,0,10000
110574,0,10000
110575,0,10000
110576,0,10000
110577,0,10000
110578,0,10000
110579,0,10000
110580,0,10000
110581,0,10000
110582,0,10000
110583,0,10000
110584,0,10000
110585,0,10000
110586,0,10000
110587,0,10000
110588,0,10000
110589,0,10000
110590,0,10000
110591,0,10000
110592,0,10000
110593,0,10000
110594,0,10000
110595,0,10000
110596,0,10000
110597,0,10000
110598,0,10000
110599,0,10000
110600,0,10000
110601,0,10000
110602,0,10000
110603,0,10000
110604,0,10000
110605,0,10000
110606,0,10000
110607,0,10000
110608,0,10000
110609,0,10000
110610,0,10000
110611,0,10000
110612,0,10000
110613,0,10000
110614,0,10000
110615,0,10000
110616,0,10000
110617,0,10000
110618,0,10000
110619,0,10000
110620,0,10000
110621,0,10000
110622,0,10000
110623,0,10000
110624,0,10000
110625,0,10000
110626,0,10000
110627,0,10000
110628,0,10000
110629,0,10000
110630,0,10000
110631,0,10000
110632,0,10000
110633,0,10000
110634,0,10000
110635,0,10000
110636,0,10000
110637,0,10000
110638,0,10000
110639,0,10000
110640,0,10000
110641,0,10000
110642,0,10000
110643,0,10000
110644,0,10000
110645,0,10000
110646,0,10000
110647,0,10000
110648,0,10000
110649,0,10000
110650,0,10000
110651,0,10000
110652,0,10000
110653,0,10000
110654,0,10000
110655,0,10000
110656,0,10000
110657,0,10000
110658,0,10000
110659,0,10000
110660,0,10000
110661,0,10000
110662,0,10000
110663,0,10000
110664,0,10000
110665,0,10000
110666,0,10000
110667,0,10000
110668,0,10000
110669,0,10000
110670,0,10000
110671,0,10000
110672,0,10000
110673,0,10000
110674,0,10000
110675,0,10000
110676,0,10000
110677,0,10000
110678,0,10000
110679,0,10000
110680,0,10000
110681,0,10000
110682,0,10000
110683,0,10000
110684,0,10000
110685,0,10000
110686,0,10000
110687,0,10000
110688,0,10000
110689,0,10000
110690,0,10000
110691,0,10000
110692,0,10000
110693,0,10000
110694,0,10000
110695,0,10000
110696,0,10000
110697,0,10000
110698,0,10000
110699,0,10000
110700,0,10000
110701,0,10000
110702,0,10000
110703,0,10000
110704,0,10000
110705,0,10000
110706,0,10000
110707,0,10000
110708,0,10000
110709,0,10000
110710,0,10000
110711,0,10000
110712,0,10000
110713,0,10000
110714,0,10000
110715,0,10000
110716,0,10000
110717,0,10000
110718,0,10000
110719,0,10000
110720,0,10000
110721,0,10000
110722,0,10000
110723,0,10000
110724,0,10000
110725,0,10000
110726,0,10000
110727,0,10000
110728,0,10000
110729,0,10000
110730,0,10000
110731,0,10000
110732,0,10000
110733,0,10000
110734,0,10000
110735,0,10000
110736,0,10000
110737,0,10000
110738,0,10000
110739,0,10000
110740,0,10000
110741,0,10000
110742,0,10000
110743,0,10000
110744,0,10000
110745,0,10000
110746,0,10000
110747,0,10000
110748,0,10000
110749,0,10000
110750,0,10000
110751,0,10000
110752,0,10000
110753,0,10000
110754,0,10000
110755,0,10000
110756,0,10000
110757,0,10000
110758,0,10000
110759,0,10000
110760,0,10000
110761,0,10000
110762,0,10000
110763,0,10000
110764,0,10000
110765,0,10000
110766,0,10000
110767,0,10000
110768,0,10000
110769,0,10000
110770,0,10000
110771,0,10000
110772,0,10000
110773,0,10000
110774,0,10000
110775,0,10000
110776,0,10000
110777,0,10000
110778,0,10000
110779,0,10000
110780,0,10000
110781,0,10000
110782,0,10000
110783,0,10000
110784,0,10000
110785,0,10000
110786,0,10000
110787,0,10000
110788,0,10000
110789,0,10000
110790,0,10000
110791,0,10000
110792,0,10000
110793,0,10000
110794,0,10000
110795,0,10000
110796,0,10000
110797,0,10000
110798,0,10000
110799,0,10000
110800,0,10000
110801,0,10000
110802,0,10000
110803,0,10000
110804,0,10000
110805,0,10000
110806,0,10000
110807,0,10000
110808,0,10000
110809,0,10000
110810,0,10000
110811,0,10000
110812,0,10000
110813,0,10000
110814,0,10000
110815,0,10000
110816,0,10000
110817,0,10000
110818,0,10000
110819,0,10000
110820,0,10000
110821,0,10000
110822,0,10000
110823,0,10000
110824,0,10000
110825,0,10000
110826,0,10000
110827,0,10000
110828,0,10000
110829,0,10000
110830,0,10000
110831,0,10000
110832,0,10000
110833,0,10000
110834,0,10000
110835,0,10000
110836,0,10000
110837,0,10000
110838,0,10000
110839,0,10000
110840,0,10000
110841,0,10000
110842,0,10000
110843,0,10000
110844,0,10000
110845,0,10000
110846,0,10000
110847,0,10000
110848,0,10000
110849,0,10000
110850,0,10000
110851,0,10000
110852,0,10000
110853,0,10000
110854,0,10000
110855,0,10000
110856,0,10000
110857,0,10000
110858,0,10000
110859,0,10000
110860,0,10000
110861,0,10000
110862,0,10000
110863,0,10000
110864,0,10000
110865,0,10000
110866,0,10000
110867,0,10000
110868,0,10000
110869,0,10000
110870,0,10000
110871,0,10000
110872,0,10000
110873,0,10000
110874,0,10000
110875,0,10000
110876,0,10000
110877,0,10000
110878,0,10000
110879,0,10000
110880,0,10000
110881,0,10000
110882,0,10000
110883,0,10000
110884,0,10000
110885,0,10000
110886,0,10000
110887,0,10000
110888,0,10000
110889,0,10000
110890,0,10000
110891,0,10000
110892,0,10000
110893,0,10000
110894,0,10000
110895,0,10000
110896,0,10000
110897,0,10000
110898,0,10000
110899,0,10000
110900,0,10000
110901,0,10000
110902,0,10000
110903,0,10000
110904,0,10000
110905,0,10000
110906,0,10000
110907,0,10000
110908,0,10000
110909,0,10000
110910,0,10000
110911,0,10000
110912,0,10000
110913,0,10000
110914,0,10000
110915,0,10000
110916,0,10000
110917,0,10000
110918,0,10000
110919,0,10000
110920,0,10000
110921,0,10000
110922,0,10000
110923,0,10000
110924,0,10000
110925,0,10000
110926,0,10000
110927,0,10000
110928,0,10000
110929,0,10000
110930,0,10000
110931,0,10000
110932,0,10000
110933,0,10000
110934,0,10000
110935,0,10000
110936,0,10000
110937,0,10000
110938,0,10000
110939,0,10000
110940,0,10000
110941,0,10000
110942,0,10000
110943,0,10000
110944,0,10000
110945,0,10000
110946,0,10000
110947,0,10000
110948,0,10000
110949,0,10000
110950,0,10000
110951,0,10000
110952,0,10000
110953,0,10000
110954,0,10000
110955,0,10000
110956,0,10000
110957,0,10000
110958,0,10000
110959,0,10000
110960,0,10000
110961,0,10000
110962,0,10000
110963,0,10000
110964,0,10000
110965,0,10000
110966,0,10000
110967,0,10000
110968,0,10000
110969,0,10000
110970,0,10000
110971,0,10000
110972,0,10000
110973,0,10000
110974,0,10000
110975,0,10000
110976,0,10000
110977,0,10000
110978,0,10000
110979,0,10000
110980,0,10000
110981,0,10000
110982,0,10000
110983,0,10000
110984,0,10000
110985,0,10000
110986,0,10000
110987,0,10000
110988,0,10000
110989,0,10000
110990,0,10000
110991,0,10000
110992,0,10000
110993,0,10000
110994,0,10000
110995,0,10000
110996,0,10000
110997,0,10000
110998,0,10000
110999,0,10000
111000,0,10000
111001,0,10000
111002,0,10000
111003,0,10000
111004,0,10000
111005,0,10000
111006,0,10000
111007,0,10000
111008,0,10000
111009,0,10000
111010,0,10000
111011,0,10000
111012,0,10000
111013,0,10000
111014,0,10000
111015,0,10000
111016,0,10000
111017,0,10000
111018,0,10000
111019,0,10000
111020,0,10000
111021,0,10000
111022,0,10000
111023,0,10000
111024,0,10000
111025,0,10000
111026,0,10000
111027,0,10000
111028,0,10000
111029,0,10000
111030,0,10000
111031,0,10000
111032,0,10000
111033,0,10000
111034,0,10000
111035,0,10000
111036,0,10000
111037,0,10000
111038,0,10000
111039,0,10000
111040,0,10000
111041,0,10000
111042,0,10000
111043,0,10000
111044,0,10000
111045,0,10000
111046,0,10000
111047,0,10000
111048,0,10000
111049,0,10000
111050,0,10000
111051,0,10000
111052,0,10000
111053,0,10000
111054,0,10000
111055,0,10000
111056,0,10000
111057,0,10000
111058,0,10000
111059,0,10000
111060,0,10000
111061,0,10000
111062,0,10000
111063,0,10000
111064,0,10000
111065,0,10000
111066,0,10000
111067,0,10000
111068,0,10000
111069,0,10000
111070,0,10000
111071,0,10000
111072,0,10000
111073,0,10000
111074,0,10000
111075,0,10000
111076,0,10000
111077,0,10000
111078,0,10000
111079,0,10000
111080,0,10000
111081,0,10000
111082,0,10000
111083,0,10000
111084,0,10000
111085,0,10000
111086,0,10000
111087,0,10000
111088,0,10000
111089,0,10000
111090,0,10000
111091,0,10000
111092,0,10000
111093,0,10000
111094,0,10000
111095,0,10000
111096,0,10000
111097,0,10000
111098,0,10000
111099,0,10000
111100,0,10000
111101,0,10000
111102,0,10000
111103,0,10000
111104,0,10000
111105,0,10000
111106,0,10000
111107,0,10000
111108,0,10000
111109,0,10000
111110,0,10000
111111,0,10000
111112,0,10000
111113,0,10000
111114,0,10000
111115,0,10000
111116,0,10000
111117,0,10000
111118,0,10000
111119,0,10000
111120,0,10000
111121,0,10000
111122,0,10000
111123,0,10000
111124,0,10000
111125,0,10000
111126,0,10000
111127,0,10000
111128,0,10000
111129,0,10000
111130,0,10000
111131,0,10000
111132,0,10000
111133,0,10000
111134,0,10000
111135,0,10000
111136,0,10000
111137,0,10000
111138,0,10000
111139,0,10000
111140,0,10000
111141,0,10000
111142,0,10000
111143,0,10000
111144,0,10000
111145,0,10000
111146,0,10000
111147,0,10000
111148,0,10000
111149,0,10000
111150,0,10000
111151,0,10000
111152,0,10000
111153,0,10000
111154,0,10000
111155,0,10000
111156,0,10000
111157,0,10000
111158,0,10000
111159,0,10000
111160,0,10000
111161,0,10000
111162,0,10000
111163,0,10000
111164,0,10000
111165,0,10000
111166,0,10000
111167,0,10000
111168,0,10000
111169,0,10000
111170,0,10000
111171,0,10000
111172,0,10000
111173,0,10000
111174,0,10000
111175,0,10000
111176,0,10000
111177,0,10000
111178,0,10000
111179,0,10000
111180,0,10000
111181,0,10000
111182,0,10000
111183,0,10000
111184,0,10000
111185,0,10000
111186,0,10000
111187,0,10000
111188,0,10000
111189,0,10000
111190,0,10000
111191,0,10000
111192,0,10000
111193,0,10000
111194,0,10000
111195,0,10000
111196,0,10000
111197,0,10000
111198,0,10000
111199,0,10000
111200,0,10000
111201,0,10000
111202,0,10000
111203,0,10000
111204,0,10000
111205,0,10000
111206,0,10000
111207,0,10000
111208,0,10000
111209,0,10000
111210,0,10000
111211,0,10000
111212,0,10000
111213,0,10000
111214,0,10000
111215,0,10000
111216,0,10000
111217,0,10000
111218,0,10000
111219,0,10000
111220,0,10000
111221,0,10000
111222,0,10000
111223,0,10000
111224,0,10000
111225,0,10000
111226,0,10000
111227,0,10000
111228,0,10000
111229,0,10000
111230,0,10000
111231,0,10000
111232,0,10000
111233,0,10000
111234,0,10000
111235,0,10000
111236,0,10000
111237,0,10000
111238,0,10000
111239,0,10000
111240,0,10000
111241,0,10000
111242,0,10000
111243,0,10000
111244,0,10000
111245,0,10000
111246,0,10000
111247,0,10000
111248,0,10000
111249,0,10000
111250,0,10000
111251,0,10000
111252,0,10000
111253,0,10000
111254,0,10000
111255,0,10000
111256,0,10000
111257,0,10000
111258,0,10000
111259,0,10000
111260,0,10000
111261,0,10000
111262,0,10000
111263,0,10000
111264,0,10000
111265,0,10000
111266,0,10000
111267,0,10000
111268,0,10000
111269,0,10000
111270,0,10000
111271,0,10000
111272,0,10000
111273,0,10000
111274,0,10000
111275,0,10000
111276,0,10000
111277,0,10000
111278,0,10000
111279,0,10000
111280,0,10000
111281,0,10000
111282,0,10000
111283,0,10000
111284,0,10000
111285,0,10000
111286,0,10000
111287,0,10000
111288,0,10000
111289,0,10000
111290,0,10000
111291,0,10000
111292,0,10000
111293,0,10000
111294,0,10000
111295,0,10000
111296,0,10000
111297,0,10000
111298,0,10000
111299,0,10000
111300,0,10000
111301,0,10000
111302,0,10000
111303,0,10000
111304,0,10000
111305,0,10000
111306,0,10000
111307,0,10000
111308,0,10000
111309,0,10000
111310,0,10000
111311,0,10000
111312,0,10000
111313,0,10000
111314,0,10000
111315,0,10000
111316,0,10000
111317,0,10000
111318,0,10000
111319,0,10000
111320,0,10000
111321,0,10000
111322,0,10000
111323,0,10000
111324,0,10000
111325,0,10000
111326,0,10000
111327,0,10000
111328,0,10000
111329,0,10000
111330,0,10000
111331,0,10000
111332,0,10000
111333,0,10000
111334,0,10000
111335,0,10000
111336,0,10000
111337,0,10000
111338,0,10000
111339,0,10000
111340,0,10000
111341,0,10000
111342,0,10000
111343,0,10000
111344,0,10000
111345,0,10000
111346,0,10000
111347,0,10000
111348,0,10000
111349,0,10000
111350,0,10000
111351,0,10000
111352,0,10000
111353,0,10000
111354,0,10000
111355,0,10000
111356,0,10000
111357,0,10000
111358,0,10000
111359,0,10000
111360,0,10000
111361,0,10000
111362,0,10000
111363,0,10000
111364,0,10000
111365,0,10000
111366,0,10000
111367,0,10000
111368,0,10000
111369,0,10000
111370,0,10000
111371,0,10000
111372,0,10000
111373,0,10000
111374,0,10000
111375,0,10000
111376,0,10000
111377,0,10000
111378,0,10000
111379,0,10000
111380,0,10000
111381,0,10000
111382,0,10000
111383,0,10000
111384,0,10000
111385,0,10000
111386,0,10000
111387,0,10000
111388,0,10000
111389,0,10000
111390,0,10000
111391,0,10000
111392,0,10000
111393,0,10000
111394,0,10000
111395,0,10000
111396,0,10000
111397,0,10000
111398,0,10000
111399,0,10000
111400,0,10000
111401,0,10000
111402,0,10000
111403,0,10000
111404,0,10000
111405,0,10000
111406,0,10000
111407,0,10000
111408,0,10000
111409,0,10000
111410,0,10000
111411,0,10000
111412,0,10000
111413,0,10000
111414,0,10000
111415,0,10000
111416,0,10000
111417,0,10000
111418,0,10000
111419,0,10000
111420,0,10000
111421,0,10000
111422,0,10000
111423,0,10000
111424,0,10000
111425,0,10000
111426,0,10000
111427,0,10000
111428,0,10000
111429,0,10000
111430,0,10000
111431,0,10000
111432,0,10000
111433,0,10000
111434,0,10000
111435,0,10000
111436,0,10000
111437,0,10000
111438,0,10000
111439,0,10000
111440,0,10000
111441,0,10000
111442,0,10000
111443,0,10000
111444,0,10000
111445,0,10000
111446,0,10000
111447,0,10000
111448,0,10000
111449,0,10000
111450,0,10000
111451,0,10000
111452,0,10000
111453,0,10000
111454,0,10000
111455,0,10000
111456,0,10000
111457,0,10000
111458,0,10000
111459,0,10000
111460,0,10000
111461,0,10000
111462,0,10000
111463,0,10000
111464,0,10000
111465,0,10000
111466,0,10000
111467,0,10000
111468,0,10000
111469,0,10000
111470,0,10000
111471,0,10000
111472,0,10000
111473,0,10000
111474,0,10000
111475,0,10000
111476,0,10000
111477,0,10000
111478,0,10000
111479,0,10000
111480,0,10000
111481,0,10000
111482,0,10000
111483,0,10000
111484,0,10000
111485,0,10000
111486,0,10000
111487,0,10000
111488,0,10000
111489,0,10000
111490,0,10000
111491,0,10000
111492,0,10000
111493,0,10000
111494,0,10000
111495,0,10000
111496,0,10000
111497,0,10000
111498,0,10000
111499,0,10000
111500,0,10000
111501,0,10000
111502,0,10000
111503,0,10000
111504,0,10000
111505,0,10000
111506,0,10000
111507,0,10000
111508,0,10000
111509,0,10000
111510,0,10000
111511,0,10000
111512,0,10000
111513,0,10000
111514,0,10000
111515,0,10000
111516,0,10000
111517,0,10000
111518,0,10000
111519,0,10000
111520,0,10000
111521,0,10000
111522,0,10000
111523,0,10000
111524,0,10000
111525,0,10000
111526,0,10000
111527,0,10000
111528,0,10000
111529,0,10000
111530,0,10000
111531,0,10000
111532,0,10000
111533,0,10000
111534,0,10000
111535,0,10000
111536,0,10000
111537,0,10000
111538,0,10000
111539,0,10000
111540,0,10000
111541,0,10000
111542,0,10000
111543,0,10000
111544,0,10000
111545,0,10000
111546,0,10000
111547,0,10000
111548,0,10000
111549,0,10000
111550,0,10000
111551,0,10000
111552,0,10000
111553,0,10000
111554,0,10000
111555,0,10000
111556,0,10000
111557,0,10000
111558,0,10000
111559,0,10000
111560,0,10000
111561,0,10000
111562,0,10000
111563,0,10000
111564,0,10000
111565,0,10000
111566,0,10000
111567,0,10000
111568,0,10000
111569,0,10000
111570,0,10000
111571,0,10000
111572,0,10000
111573,0,10000
111574,0,10000
111575,0,10000
111576,0,10000
111577,0,10000
111578,0,10000
111579,0,10000
111580,0,10000
111581,0,10000
111582,0,10000
111583,0,10000
111584,0,10000
111585,0,10000
111586,0,10000
111587,0,10000
111588,0,10000
111589,0,10000
111590,0,10000
111591,0,10000
111592,0,10000
111593,0,10000
111594,0,10000
111595,0,10000
111596,0,10000
111597,0,10000
111598,0,10000
111599,0,10000
111600,0,10000
111601,0,10000
111602,0,10000
111603,0,10000
111604,0,10000
111605,0,10000
111606,0,10000
111607,0,10000
111608,0,10000
111609,0,10000
111610,0,10000
111611,0,10000
111612,0,10000
111613,0,10000
111614,0,10000
111615,0,10000
111616,0,10000
111617,0,10000
111618,0,10000
111619,0,10000
111620,0,10000
111621,0,10000
111622,0,10000
111623,0,10000
111624,0,10000
111625,0,10000
111626,0,10000
111627,0,10000
111628,0,10000
111629,0,10000
111630,0,10000
111631,0,10000
111632,0,10000
111633,0,10000
111634,0,10000
111635,0,10000
111636,0,10000
111637,0,10000
111638,0,10000
111639,0,10000
111640,0,10000
111641,0,10000
111642,0,10000
111643,0,10000
111644,0,10000
111645,0,10000
111646,0,10000
111647,0,10000
111648,0,10000
111649,0,10000
111650,0,10000
111651,0,10000
111652,0,10000
111653,0,10000
111654,0,10000
111655,0,10000
111656,0,10000
111657,0,10000
111658,0,10000
111659,0,10000
111660,0,10000
111661,0,10000
111662,0,10000
111663,0,10000
111664,0,10000
111665,0,10000
111666,0,10000
111667,0,10000
111668,0,10000
111669,0,10000
111670,0,10000
111671,0,10000
111672,0,10000
111673,0,10000
111674,0,10000
111675,0,10000
111676,0,10000
111677,0,10000
111678,0,10000
111679,0,10000
111680,0,10000
111681,0,10000
111682,0,10000
111683,0,10000
111684,0,10000
111685,0,10000
111686,0,10000
111687,0,10000
111688,0,10000
111689,0,10000
111690,0,10000
111691,0,10000
111692,0,10000
111693,0,10000
111694,0,10000
111695,0,10000
111696,0,10000
111697,0,10000
111698,0,10000
111699,0,10000
111700,0,10000
111701,0,10000
111702,0,10000
111703,0,10000
111704,0,10000
111705,0,10000
111706,0,10000
111707,0,10000
111708,0,10000
111709,0,10000
111710,0,10000
111711,0,10000
111712,0,10000
111713,0,10000
111714,0,10000
111715,0,10000
111716,0,10000
111717,0,10000
111718,0,10000
111719,0,10000
111720,0,10000
111721,0,10000
111722,0,10000
111723,0,10000
111724,0,10000
111725,0,10000
111726,0,10000
111727,0,10000
111728,0,10000
111729,0,10000
111730,0,10000
111731,0,10000
111732,0,10000
111733,0,10000
111734,0,10000
111735,0,10000
111736,0,10000
111737,0,10000
111738,0,10000
111739,0,10000
111740,0,10000
111741,0,10000
111742,0,10000
111743,0,10000
111744,0,10000
111745,0,10000
111746,0,10000
111747,0,10000
111748,0,10000
111749,0,10000
111750,0,10000
111751,0,10000
111752,0,10000
111753,0,10000
111754,0,10000
111755,0,10000
111756,0,10000
111757,0,10000
111758,0,10000
111759,0,10000
111760,0,10000
111761,0,10000
111762,0,10000
111763,0,10000
111764,0,10000
111765,0,10000
111766,0,10000
111767,0,10000
111768,0,10000
111769,0,10000
111770,0,10000
111771,0,10000
111772,0,10000
111773,0,10000
111774,0,10000
111775,0,10000
111776,0,10000
111777,0,10000
111778,0,10000
111779,0,10000
111780,0,10000
111781,0,10000
111782,0,10000
111783,0,10000
111784,0,10000
111785,0,10000
111786,0,10000
111787,0,10000
111788,0,10000
111789,0,10000
111790,0,10000
111791,0,10000
111792,0,10000
111793,0,10000
111794,0,10000
111795,0,10000
111796,0,10000
111797,0,10000
111798,0,10000
111799,0,10000
111800,0,10000
111801,0,10000
111802,0,10000
111803,0,10000
111804,0,10000
111805,0,10000
111806,0,10000
111807,0,10000
111808,0,10000
111809,0,10000
111810,0,10000
111811,0,10000
111812,0,10000
111813,0,10000
111814,0,10000
111815,0,10000
111816,0,10000
111817,0,10000
111818,0,10000
111819,0,10000
111820,0,10000
111821,0,10000
111822,0,10000
111823,0,10000
111824,0,10000
111825,0,10000
111826,0,10000
111827,0,10000
111828,0,10000
111829,0,10000
111830,0,10000
111831,0,10000
111832,0,10000
111833,0,10000
111834,0,10000
111835,0,10000
111836,0,10000
111837,0,10000
111838,0,10000
111839,0,10000
111840,0,10000
111841,0,10000
111842,0,10000
111843,0,10000
111844,0,10000
111845,0,10000
111846,0,10000
111847,0,10000
111848,0,10000
111849,0,10000
111850,0,10000
111851,0,10000
111852,0,10000
111853,0,10000
111854,0,10000
111855,0,10000
111856,0,10000
111857,0,10000
111858,0,10000
111859,0,10000
111860,0,10000
111861,0,10000
111862,0,10000
111863,0,10000
111864,0,10000
111865,0,10000
111866,0,10000
111867,0,10000
111868,0,10000
111869,0,10000
111870,0,10000
111871,0,10000
111872,0,10000
111873,0,10000
111874,0,10000
111875,0,10000
111876,0,10000
111877,0,10000
111878,0,10000
111879,0,10000
111880,0,10000
111881,0,10000
111882,0,10000
111883,0,10000
111884,0,10000
111885,0,10000
111886,0,10000
111887,0,10000
111888,0,10000
111889,0,10000
111890,0,10000
111891,0,10000
111892,0,10000
111893,0,10000
111894,0,10000
111895,0,10000
111896,0,10000
111897,0,10000
111898,0,10000
111899,0,10000
111900,0,10000
111901,0,10000
111902,0,10000
111903,0,10000
111904,0,10000
111905,0,10000
111906,0,10000
111907,0,10000
111908,0,10000
111909,0,10000
111910,0,10000
111911,0,10000
111912,0,10000
111913,0,10000
111914,0,10000
111915,0,10000
111916,0,10000
111917,0,10000
111918,0,10000
111919,0,10000
111920,0,10000
111921,0,10000
111922,0,10000
111923,0,10000
111924,0,10000
111925,0,10000
111926,0,10000
111927,0,10000
111928,0,10000
111929,0,10000
111930,0,10000
111931,0,10000
111932,0,10000
111933,0,10000
111934,0,10000
111935,0,10000
111936,0,10000
111937,0,10000
111938,0,10000
111939,0,10000
111940,0,10000
111941,0,10000
111942,0,10000
111943,0,10000
111944,0,10000
111945,0,10000
111946,0,10000
111947,0,10000
111948,0,10000
111949,0,10000
111950,0,10000
111951,0,10000
111952,0,10000
111953,0,10000
111954,0,10000
111955,0,10000
111956,0,10000
111957,0,10000
111958,0,10000
111959,0,10000
111960,0,10000
111961,0,10000
111962,0,10000
111963,0,10000
111964,0,10000
111965,0,10000
111966,0,10000
111967,0,10000
111968,0,10000
111969,0,10000
111970,0,10000
111971,0,10000
111972,0,10000
111973,0,10000
111974,0,10000
111975,0,10000
111976,0,10000
111977,0,10000
111978,0,10000
111979,0,10000
111980,0,10000
111981,0,10000
111982,0,10000
111983,0,10000
111984,0,10000
111985,0,10000
111986,0,10000
111987,0,10000
111988,0,10000
111989,0,10000
111990,0,10000
111991,0,10000
111992,0,10000
111993,0,10000
111994,0,10000
111995,0,10000
111996,0,10000
111997,0,10000
111998,0,10000
111999,0,10000
112000,0,10000
112001,0,10000
112002,0,10000
112003,0,10000
112004,0,10000
112005,0,10000
112006,0,10000
112007,0,10000
112008,0,10000
112009,0,10000
112010,0,10000
112011,0,10000
112012,0,10000
112013,0,10000
112014,0,10000
112015,0,10000
112016,0,10000
112017,0,10000
112018,0,10000
112019,0,10000
112020,0,10000
112021,0,10000
112022,0,10000
112023,0,10000
112024,0,10000
112025,0,10000
112026,0,10000
112027,0,10000
112028,0,10000
112029,0,10000
112030,0,10000
112031,0,10000
112032,0,10000
112033,0,10000
112034,0,10000
112035,0,10000
112036,0,10000
112037,0,10000
112038,0,10000
112039,0,10000
112040,0,10000
112041,0,10000
112042,0,10000
112043,0,10000
112044,0,10000
112045,0,10000
112046,0,10000
112047,0,10000
112048,0,10000
112049,0,10000
112050,0,10000
112051,0,10000
112052,0,10000
112053,0,10000
112054,0,10000
112055,0,10000
112056,0,10000
112057,0,10000
112058,0,10000
112059,0,10000
112060,0,10000
112061,0,10000
112062,0,10000
112063,0,10000
112064,0,10000
112065,0,10000
112066,0,10000
112067,0,10000
112068,0,10000
112069,0,10000
112070,0,10000
112071,0,10000
112072,0,10000
112073,0,10000
112074,0,10000
112075,0,10000
112076,0,10000
112077,0,10000
112078,0,10000
112079,0,10000
112080,0,10000
112081,0,10000
112082,0,10000
112083,0,10000
112084,0,10000
112085,0,10000
112086,0,10000
112087,0,10000
112088,0,10000
112089,0,10000
112090,0,10000
112091,0,10000
112092,0,10000
112093,0,10000
112094,0,10000
112095,0,10000
112096,0,10000
112097,0,10000
112098,0,10000
112099,0,10000
112100,0,10000
112101,0,10000
112102,0,10000
112103,0,10000
112104,0,10000
112105,0,10000
112106,0,10000
112107,0,10000
112108,0,10000
112109,0,10000
112110,0,10000
112111,0,10000
112112,0,10000
112113,0,10000
112114,0,10000
112115,0,10000
112116,0,10000
112117,0,10000
112118,0,10000
112119,0,10000
112120,0,10000
112121,0,10000
112122,0,10000
112123,0,10000
112124,0,10000
112125,0,10000
112126,0,10000
112127,0,10000
112128,0,10000
112129,0,10000
112130,0,10000
112131,0,10000
112132,0,10000
112133,0,10000
112134,0,10000
112135,0,10000
112136,0,10000
112137,0,10000
112138,0,10000
112139,0,10000
112140,0,10000
112141,0,10000
112142,0,10000
112143,0,10000
112144,0,10000
112145,0,10000
112146,0,10000
112147,0,10000
112148,0,10000
112149,0,10000
112150,0,10000
112151,0,10000
112152,0,10000
112153,0,10000
112154,0,10000
112155,0,10000
112156,0,10000
112157,0,10000
112158,0,10000
112159,0,10000
112160,0,10000
112161,0,10000
112162,0,10000
112163,0,10000
112164,0,10000
112165,0,10000
112166,0,10000
112167,0,10000
112168,0,10000
112169,0,10000
112170,0,10000
112171,0,10000
112172,0,10000
112173,0,10000
112174,0,10000
112175,0,10000
112176,0,10000
112177,0,10000
112178,0,10000
112179,0,10000
112180,0,10000
112181,0,10000
112182,0,10000
112183,0,10000
112184,0,10000
112185,0,10000
112186,0,10000
112187,0,10000
112188,0,10000
112189,0,10000
112190,0,10000
112191,0,10000
112192,0,10000
112193,0,10000
112194,0,10000
112195,0,10000
112196,0,10000
112197,0,10000
112198,0,10000
112199,0,10000
112200,0,10000
112201,0,10000
112202,0,10000
112203,0,10000
112204,0,10000
112205,0,10000
112206,0,10000
112207,0,10000
112208,0,10000
112209,0,10000
112210,0,10000
112211,0,10000
112212,0,10000
112213,0,10000
112214,0,10000
112215,0,10000
112216,0,10000
112217,0,10000
112218,0,10000
112219,0,10000
112220,0,10000
112221,0,10000
112222,0,10000
112223,0,10000
112224,0,10000
112225,0,10000
112226,0,10000
112227,0,10000
112228,0,10000
112229,0,10000
112230,0,10000
112231,0,10000
112232,0,10000
112233,0,10000
112234,0,10000
112235,0,10000
112236,0,10000
112237,0,10000
112238,0,10000
112239,0,10000
112240,0,10000
112241,0,10000
112242,0,10000
112243,0,10000
112244,0,10000
112245,0,10000
112246,0,10000
112247,0,10000
112248,0,10000
112249,0,10000
112250,0,10000
112251,0,10000
112252,0,10000
112253,0,10000
112254,0,10000
112255,0,10000
112256,0,10000
112257,0,10000
112258,0,10000
112259,0,10000
112260,0,10000
112261,0,10000
112262,0,10000
112263,0,10000
112264,0,10000
112265,0,10000
112266,0,10000
112267,0,10000
112268,0,10000
112269,0,10000
112270,0,10000
112271,0,10000
112272,0,10000
112273,0,10000
112274,0,10000
112275,0,10000
112276,0,10000
112277,0,10000
112278,0,10000
112279,0,10000
112280,0,10000
112281,0,10000
112282,0,10000
112283,0,10000
112284,0,10000
112285,0,10000
112286,0,10000
112287,0,10000
112288,0,10000
112289,0,10000
112290,0,10000
112291,0,10000
112292,0,10000
112293,0,10000
112294,0,10000
112295,0,10000
112296,0,10000
112297,0,10000
112298,0,10000
112299,0,10000
112300,0,10000
112301,0,10000
112302,0,10000
112303,0,10000
112304,0,10000
112305,0,10000
112306,0,10000
112307,0,10000
112308,0,10000
112309,0,10000
112310,0,10000
112311,0,10000
112312,0,10000
112313,0,10000
112314,0,10000
112315,0,10000
112316,0,10000
112317,0,10000
112318,0,10000
112319,0,10000
112320,0,10000
112321,0,10000
112322,0,10000
112323,0,10000
112324,0,10000
112325,0,10000
112326,0,10000
112327,0,10000
112328,0,10000
112329,0,10000
112330,0,10000
112331,0,10000
112332,0,10000
112333,0,10000
112334,0,10000
112335,0,10000
112336,0,10000
112337,0,10000
112338,0,10000
112339,0,10000
112340,0,10000
112341,0,10000
112342,0,10000
112343,0,10000
112344,0,10000
112345,0,10000
112346,0,10000
112347,0,10000
112348,0,10000
112349,0,10000
112350,0,10000
112351,0,10000
112352,0,10000
112353,0,10000
112354,0,10000
112355,0,10000
112356,0,10000
112357,0,10000
112358,0,10000
112359,0,10000
112360,0,10000
112361,0,10000
112362,0,10000
112363,0,10000
112364,0,10000
112365,0,10000
112366,0,10000
112367,0,10000
112368,0,10000
112369,0,10000
112370,0,10000
112371,0,10000
112372,0,10000
112373,0,10000
112374,0,10000
112375,0,10000
112376,0,10000
112377,0,10000
112378,0,10000
112379,0,10000
112380,0,10000
112381,0,10000
112382,0,10000
112383,0,10000
112384,0,10000
112385,0,10000
112386,0,10000
112387,0,10000
112388,0,10000
112389,0,10000
112390,0,10000
112391,0,10000
112392,0,10000
112393,0,10000
112394,0,10000
112395,0,10000
112396,0,10000
112397,0,10000
112398,0,10000
112399,0,10000
112400,0,10000
112401,0,10000
112402,0,10000
112403,0,10000
112404,0,10000
112405,0,10000
112406,0,10000
112407,0,10000
112408,0,10000
112409,0,10000
112410,0,10000
112411,0,10000
112412,0,10000
112413,0,10000
112414,0,10000
112415,0,10000
112416,0,10000
112417,0,10000
112418,0,10000
112419,0,10000
112420,0,10000
112421,0,10000
112422,0,10000
112423,0,10000
112424,0,10000
112425,0,10000
112426,0,10000
112427,0,10000
112428,0,10000
112429,0,10000
112430,0,10000
112431,0,10000
112432,0,10000
112433,0,10000
112434,0,10000
112435,0,10000
112436,0,10000
112437,0,10000
112438,0,10000
112439,0,10000
112440,0,10000
112441,0,10000
112442,0,10000
112443,0,10000
112444,0,10000
112445,0,10000
112446,0,10000
112447,0,10000
112448,0,10000
112449,0,10000
112450,0,10000
112451,0,10000
112452,0,10000
112453,0,10000
112454,0,10000
112455,0,10000
112456,0,10000
112457,0,10000
112458,0,10000
112459,0,10000
112460,0,10000
112461,0,10000
112462,0,10000
112463,0,10000
112464,0,10000
112465,0,10000
112466,0,10000
112467,0,10000
112468,0,10000
112469,0,10000
112470,0,10000
112471,0,10000
112472,0,10000
112473,0,10000
112474,0,10000
112475,0,10000
112476,0,10000
112477,0,10000
112478,0,10000
112479,0,10000
112480,0,10000
112481,0,10000
112482,0,10000
112483,0,10000
112484,0,10000
112485,0,10000
112486,0,10000
112487,0,10000
112488,0,10000
112489,0,10000
112490,0,10000
112491,0,10000
112492,0,10000
112493,0,10000
112494,0,10000
112495,0,10000
112496,0,10000
112497,0,10000
112498,0,10000
112499,0,10000
112500,0,10000
112501,0,10000
112502,0,10000
112503,0,10000
112504,0,10000
112505,0,10000
112506,0,10000
112507,0,10000
112508,0,10000
112509,0,10000
112510,0,10000
112511,0,10000
112512,0,10000
112513,0,10000
112514,0,10000
112515,0,10000
112516,0,10000
112517,0,10000
112518,0,10000
112519,0,10000
112520,0,10000
112521,0,10000
112522,0,10000
112523,0,10000
112524,0,10000
112525,0,10000
112526,0,10000
112527,0,10000
112528,0,10000
112529,0,10000
112530,0,10000
112531,0,10000
112532,0,10000
112533,0,10000
112534,0,10000
112535,0,10000
112536,0,10000
112537,0,10000
112538,0,10000
112539,0,10000
112540,0,10000
112541,0,10000
112542,0,10000
112543,0,10000
112544,0,10000
112545,0,10000
112546,0,10000
112547,0,10000
112548,0,10000
112549,0,10000
112550,0,10000
112551,0,10000
112552,0,10000
112553,0,10000
112554,0,10000
112555,0,10000
112556,0,10000
112557,0,10000
112558,0,10000
112559,0,10000
112560,0,10000
112561,0,10000
112562,0,10000
112563,0,10000
112564,0,10000
112565,0,10000
112566,0,10000
112567,0,10000
112568,0,10000
112569,0,10000
112570,0,10000
112571,0,10000
112572,0,10000
112573,0,10000
112574,0,10000
112575,0,10000
112576,0,10000
112577,0,10000
112578,0,10000
112579,0,10000
112580,0,10000
112581,0,10000
112582,0,10000
112583,0,10000
112584,0,10000
112585,0,10000
112586,0,10000
112587,0,10000
112588,0,10000
112589,0,10000
112590,0,10000
112591,0,10000
112592,0,10000
112593,0,10000
112594,0,10000
112595,0,10000
112596,0,10000
112597,0,10000
112598,0,10000
112599,0,10000
112600,0,10000
112601,0,10000
112602,0,10000
112603,0,10000
112604,0,10000
112605,0,10000
112606,0,10000
112607,0,10000
112608,0,10000
112609,0,10000
112610,0,10000
112611,0,10000
112612,0,10000
112613,0,10000
112614,0,10000
112615,0,10000
112616,0,10000
112617,0,10000
112618,0,10000
112619,0,10000
112620,0,10000
112621,0,10000
112622,0,10000
112623,0,10000
112624,0,10000
112625,0,10000
112626,0,10000
112627,0,10000
112628,0,10000
112629,0,10000
112630,0,10000
112631,0,10000
112632,0,10000
112633,0,10000
112634,0,10000
112635,0,10000
112636,0,10000
112637,0,10000
112638,0,10000
112639,0,10000
112640,0,10000
112641,0,10000
112642,0,10000
112643,0,10000
112644,0,10000
112645,0,10000
112646,0,10000
112647,0,10000
112648,0,10000
112649,0,10000
112650,0,10000
112651,0,10000
112652,0,10000
112653,0,10000
112654,0,10000
112655,0,10000
112656,0,10000
112657,0,10000
112658,0,10000
112659,0,10000
112660,0,10000
112661,0,10000
112662,0,10000
112663,0,10000
112664,0,10000
112665,0,10000
112666,0,10000
112667,0,10000
112668,0,10000
112669,0,10000
112670,0,10000
112671,0,10000
112672,0,10000
112673,0,10000
112674,0,10000
112675,0,10000
112676,0,10000
112677,0,10000
112678,0,10000
112679,0,10000
112680,0,10000
112681,0,10000
112682,0,10000
112683,0,10000
112684,0,10000
112685,0,10000
112686,0,10000
112687,0,10000
112688,0,10000
112689,0,10000
112690,0,10000
112691,0,10000
112692,0,10000
112693,0,10000
112694,0,10000
112695,0,10000
112696,0,10000
112697,0,10000
112698,0,10000
112699,0,10000
112700,0,10000
112701,0,10000
112702,0,10000
112703,0,10000
112704,0,10000
112705,0,10000
112706,0,10000
112707,0,10000
112708,0,10000
112709,0,10000
112710,0,10000
112711,0,10000
112712,0,10000
112713,0,10000
112714,0,10000
112715,0,10000
112716,0,10000
112717,0,10000
112718,0,10000
112719,0,10000
112720,0,10000
112721,0,10000
112722,0,10000
112723,0,10000
112724,0,10000
112725,0,10000
112726,0,10000
112727,0,10000
112728,0,10000
112729,0,10000
112730,0,10000
112731,0,10000
112732,0,10000
112733,0,10000
112734,0,10000
112735,0,10000
112736,0,10000
112737,0,10000
112738,0,10000
112739,0,10000
112740,0,10000
112741,0,10000
112742,0,10000
112743,0,10000
112744,0,10000
112745,0,10000
112746,0,10000
112747,0,10000
112748,0,10000
112749,0,10000
112750,0,10000
112751,0,10000
112752,0,10000
112753,0,10000
112754,0,10000
112755,0,10000
112756,0,10000
112757,0,10000
112758,0,10000
112759,0,10000
112760,0,10000
112761,0,10000
112762,0,10000
112763,0,10000
112764,0,10000
112765,0,10000
112766,0,10000
112767,0,10000
112768,0,10000
112769,0,10000
112770,0,10000
112771,0,10000
112772,0,10000
112773,0,10000
112774,0,10000
112775,0,10000
112776,0,10000
112777,0,10000
112778,0,10000
112779,0,10000
112780,0,10000
112781,0,10000
112782,0,10000
112783,0,10000
112784,0,10000
112785,0,10000
112786,0,10000
112787,0,10000
112788,0,10000
112789,0,10000
112790,0,10000
112791,0,10000
112792,0,10000
112793,0,10000
112794,0,10000
112795,0,10000
112796,0,10000
112797,0,10000
112798,0,10000
112799,0,10000
112800,0,10000
112801,0,10000
112802,0,10000
112803,0,10000
112804,0,10000
112805,0,10000
112806,0,10000
112807,0,10000
112808,0,10000
112809,0,10000
112810,0,10000
112811,0,10000
112812,0,10000
112813,0,10000
112814,0,10000
112815,0,10000
112816,0,10000
112817,0,10000
112818,0,10000
112819,0,10000
112820,0,10000
112821,0,10000
112822,0,10000
112823,0,10000
112824,0,10000
112825,0,10000
112826,0,10000
112827,0,10000
112828,0,10000
112829,0,10000
112830,0,10000
112831,0,10000
112832,0,10000
112833,0,10000
112834,0,10000
112835,0,10000
112836,0,10000
112837,0,10000
112838,0,10000
112839,0,10000
112840,0,10000
112841,0,10000
112842,0,10000
112843,0,10000
112844,0,10000
112845,0,10000
112846,0,10000
112847,0,10000
112848,0,10000
112849,0,10000
112850,0,10000
112851,0,10000
112852,0,10000
112853,0,10000
112854,0,10000
112855,0,10000
112856,0,10000
112857,0,10000
112858,0,10000
112859,0,10000
112860,0,10000
112861,0,10000
112862,0,10000
112863,0,10000
112864,0,10000
112865,0,10000
112866,0,10000
112867,0,10000
112868,0,10000
112869,0,10000
112870,0,10000
112871,0,10000
112872,0,10000
112873,0,10000
112874,0,10000
112875,0,10000
112876,0,10000
112877,0,10000
112878,0,10000
112879,0,10000
112880,0,10000
112881,0,10000
112882,0,10000
112883,0,10000
112884,0,10000
112885,0,10000
112886,0,10000
112887,0,10000
112888,0,10000
112889,0,10000
112890,0,10000
112891,0,10000
112892,0,10000
112893,0,10000
112894,0,10000
112895,0,10000
112896,0,10000
112897,0,10000
112898,0,10000
112899,0,10000
112900,0,10000
112901,0,10000
112902,0,10000
112903,0,10000
112904,0,10000
112905,0,10000
112906,0,10000
112907,0,10000
112908,0,10000
112909,0,10000
112910,0,10000
112911,0,10000
112912,0,10000
112913,0,10000
112914,0,10000
112915,0,10000
112916,0,10000
112917,0,10000
112918,0,10000
112919,0,10000
112920,0,10000
112921,0,10000
112922,0,10000
112923,0,10000
112924,0,10000
112925,0,10000
112926,0,10000
112927,0,10000
112928,0,10000
112929,0,10000
112930,0,10000
112931,0,10000
112932,0,10000
112933,0,10000
112934,0,10000
112935,0,10000
112936,0,10000
112937,0,10000
112938,0,10000
112939,0,10000
112940,0,10000
112941,0,10000
112942,0,10000
112943,0,10000
112944,0,10000
112945,0,10000
112946,0,10000
112947,0,10000
112948,0,10000
112949,0,10000
112950,0,10000
112951,0,10000
112952,0,10000
112953,0,10000
112954,0,10000
112955,0,10000
112956,0,10000
112957,0,10000
112958,0,10000
112959,0,10000
112960,0,10000
112961,0,10000
112962,0,10000
112963,0,10000
112964,0,10000
112965,0,10000
112966,0,10000
112967,0,10000
112968,0,10000
112969,0,10000
112970,0,10000
112971,0,10000
112972,0,10000
112973,0,10000
112974,0,10000
112975,0,10000
112976,0,10000
112977,0,10000
112978,0,10000
112979,0,10000
112980,0,10000
112981,0,10000
112982,0,10000
112983,0,10000
112984,0,10000
112985,0,10000
112986,0,10000
112987,0,10000
112988,0,10000
112989,0,10000
112990,0,10000
112991,0,10000
112992,0,10000
112993,0,10000
112994,0,10000
112995,0,10000
112996,0,10000
112997,0,10000
112998,0,10000
112999,0,10000
113000,0,10000
113001,0,10000
113002,0,10000
113003,0,10000
113004,0,10000
113005,0,10000
113006,0,10000
113007,0,10000
113008,0,10000
113009,0,10000
113010,0,10000
113011,0,10000
113012,0,10000
113013,0,10000
113014,0,10000
113015,0,10000
113016,0,10000
113017,0,10000
113018,0,10000
113019,0,10000
113020,0,10000
113021,0,10000
113022,0,10000
113023,0,10000
113024,0,10000
113025,0,10000
113026,0,10000
113027,0,10000
113028,0,10000
113029,0,10000
113030,0,10000
113031,0,10000
113032,0,10000
113033,0,10000
113034,0,10000
113035,0,10000
113036,0,10000
113037,0,10000
113038,0,10000
113039,0,10000
113040,0,10000
113041,0,10000
113042,0,10000
113043,0,10000
113044,0,10000
113045,0,10000
113046,0,10000
113047,0,10000
113048,0,10000
113049,0,10000
113050,0,10000
113051,0,10000
113052,0,10000
113053,0,10000
113054,0,10000
113055,0,10000
113056,0,10000
113057,0,10000
113058,0,10000
113059,0,10000
113060,0,10000
113061,0,10000
113062,0,10000
113063,0,10000
113064,0,10000
113065,0,10000
113066,0,10000
113067,0,10000
113068,0,10000
113069,0,10000
113070,0,10000
113071,0,10000
113072,0,10000
113073,0,10000
113074,0,10000
113075,0,10000
113076,0,10000
113077,0,10000
113078,0,10000
113079,0,10000
113080,0,10000
113081,0,10000
113082,0,10000
113083,0,10000
113084,0,10000
113085,0,10000
113086,0,10000
113087,0,10000
113088,0,10000
113089,0,10000
113090,0,10000
113091,0,10000
113092,0,10000
113093,0,10000
113094,0,10000
113095,0,10000
113096,0,10000
113097,0,10000
113098,0,10000
113099,0,10000
113100,0,10000
113101,0,10000
113102,0,10000
113103,0,10000
113104,0,10000
113105,0,10000
113106,0,10000
113107,0,10000
113108,0,10000
113109,0,10000
113110,0,10000
113111,0,10000
113112,0,10000
113113,0,10000
113114,0,10000
113115,0,10000
113116,0,10000
113117,0,10000
113118,0,10000
113119,0,10000
113120,0,10000
113121,0,10000
113122,0,10000
113123,0,10000
113124,0,10000
113125,0,10000
113126,0,10000
113127,0,10000
113128,0,10000
113129,0,10000
113130,0,10000
113131,0,10000
113132,0,10000
113133,0,10000
113134,0,10000
113135,0,10000
113136,0,10000
113137,0,10000
113138,0,10000
113139,0,10000
113140,0,10000
113141,0,10000
113142,0,10000
113143,0,10000
113144,0,10000
113145,0,10000
113146,0,10000
113147,0,10000
113148,0,10000
113149,0,10000
113150,0,10000
113151,0,10000
113152,0,10000
113153,0,10000
113154,0,10000
113155,0,10000
113156,0,10000
113157,0,10000
113158,0,10000
113159,0,10000
113160,0,10000
113161,0,10000
113162,0,10000
113163,0,10000
113164,0,10000
113165,0,10000
113166,0,10000
113167,0,10000
113168,0,10000
113169,0,10000
113170,0,10000
113171,0,10000
113172,0,10000
113173,0,10000
113174,0,10000
113175,0,10000
113176,0,10000
113177,0,10000
113178,0,10000
113179,0,10000
113180,0,10000
113181,0,10000
113182,0,10000
113183,0,10000
113184,0,10000
113185,0,10000
113186,0,10000
113187,0,10000
113188,0,10000
113189,0,10000
113190,0,10000
113191,0,10000
113192,0,10000
113193,0,10000
113194,0,10000
113195,0,10000
113196,0,10000
113197,0,10000
113198,0,10000
113199,0,10000
113200,0,10000
113201,0,10000
113202,0,10000
113203,0,10000
113204,0,10000
113205,0,10000
113206,0,10000
113207,0,10000
113208,0,10000
113209,0,10000
113210,0,10000
113211,0,10000
113212,0,10000
113213,0,10000
113214,0,10000
113215,0,10000
113216,0,10000
113217,0,10000
113218,0,10000
113219,0,10000
113220,0,10000
113221,0,10000
113222,0,10000
113223,0,10000
113224,0,10000
113225,0,10000
113226,0,10000
113227,0,10000
113228,0,10000
113229,0,10000
113230,0,10000
113231,0,10000
113232,0,10000
113233,0,10000
113234,0,10000
113235,0,10000
113236,0,10000
113237,0,10000
113238,0,10000
113239,0,10000
113240,0,10000
113241,0,10000
113242,0,10000
113243,0,10000
113244,0,10000
113245,0,10000
113246,0,10000
113247,0,10000
113248,0,10000
113249,0,10000
113250,0,10000
113251,0,10000
113252,0,10000
113253,0,10000
113254,0,10000
113255,0,10000
113256,0,10000
113257,0,10000
113258,0,10000
113259,0,10000
113260,0,10000
113261,0,10000
113262,0,10000
113263,0,10000
113264,0,10000
113265,0,10000
113266,0,10000
113267,0,10000
113268,0,10000
113269,0,10000
113270,0,10000
113271,0,10000
113272,0,10000
113273,0,10000
113274,0,10000
113275,0,10000
113276,0,10000
113277,0,10000
113278,0,10000
113279,0,10000
113280,0,10000
113281,0,10000
113282,0,10000
113283,0,10000
113284,0,10000
113285,0,10000
113286,0,10000
113287,0,10000
113288,0,10000
113289,0,10000
113290,0,10000
113291,0,10000
113292,0,10000
113293,0,10000
113294,0,10000
113295,0,10000
113296,0,10000
113297,0,10000
113298,0,10000
113299,0,10000
113300,0,10000
113301,0,10000
113302,0,10000
113303,0,10000
113304,0,10000
113305,0,10000
113306,0,10000
113307,0,10000
113308,0,10000
113309,0,10000
113310,0,10000
113311,0,10000
113312,0,10000
113313,0,10000
113314,0,10000
113315,0,10000
113316,0,10000
113317,0,10000
113318,0,10000
113319,0,10000
113320,0,10000
113321,0,10000
113322,0,10000
113323,0,10000
113324,0,10000
113325,0,10000
113326,0,10000
113327,0,10000
113328,0,10000
113329,0,10000
113330,0,10000
113331,0,10000
113332,0,10000
113333,0,10000
113334,0,10000
113335,0,10000
113336,0,10000
113337,0,10000
113338,0,10000
113339,0,10000
113340,0,10000
113341,0,10000
113342,0,10000
113343,0,10000
113344,0,10000
113345,0,10000
113346,0,10000
113347,0,10000
113348,0,10000
113349,0,10000
113350,0,10000
113351,0,10000
113352,0,10000
113353,0,10000
113354,0,10000
113355,0,10000
113356,0,10000
113357,0,10000
113358,0,10000
113359,0,10000
113360,0,10000
113361,0,10000
113362,0,10000
113363,0,10000
113364,0,10000
113365,0,10000
113366,0,10000
113367,0,10000
113368,0,10000
113369,0,10000
113370,0,10000
113371,0,10000
113372,0,10000
113373,0,10000
113374,0,10000
113375,0,10000
113376,0,10000
113377,0,10000
113378,0,10000
113379,0,10000
113380,0,10000
113381,0,10000
113382,0,10000
113383,0,10000
113384,0,10000
113385,0,10000
113386,0,10000
113387,0,10000
113388,0,10000
113389,0,10000
113390,0,10000
113391,0,10000
113392,0,10000
113393,0,10000
113394,0,10000
113395,0,10000
113396,0,10000
113397,0,10000
113398,0,10000
113399,0,10000
113400,0,10000
113401,0,10000
113402,0,10000
113403,0,10000
113404,0,10000
113405,0,10000
113406,0,10000
113407,0,10000
113408,0,10000
113409,0,10000
113410,0,10000
113411,0,10000
113412,0,10000
113413,0,10000
113414,0,10000
113415,0,10000
113416,0,10000
113417,0,10000
113418,0,10000
113419,0,10000
113420,0,10000
113421,0,10000
113422,0,10000
113423,0,10000
113424,0,10000
113425,0,10000
113426,0,10000
113427,0,10000
113428,0,10000
113429,0,10000
113430,0,10000
113431,0,10000
113432,0,10000
113433,0,10000
113434,0,10000
113435,0,10000
113436,0,10000
113437,0,10000
113438,0,10000
113439,0,10000
113440,0,10000
113441,0,10000
113442,0,10000
113443,0,10000
113444,0,10000
113445,0,10000
113446,0,10000
113447,0,10000
113448,0,10000
113449,0,10000
113450,0,10000
113451,0,10000
113452,0,10000
113453,0,10000
113454,0,10000
113455,0,10000
113456,0,10000
113457,0,10000
113458,0,10000
113459,0,10000
113460,0,10000
113461,0,10000
113462,0,10000
113463,0,10000
113464,0,10000
113465,0,10000
113466,0,10000
113467,0,10000
113468,0,10000
113469,0,10000
113470,0,10000
113471,0,10000
113472,0,10000
113473,0,10000
113474,0,10000
113475,0,10000
113476,0,10000
113477,0,10000
113478,0,10000
113479,0,10000
113480,0,10000
113481,0,10000
113482,0,10000
113483,0,10000
113484,0,10000
113485,0,10000
113486,0,10000
113487,0,10000
113488,0,10000
113489,0,10000
113490,0,10000
113491,0,10000
113492,0,10000
113493,0,10000
113494,0,10000
113495,0,10000
113496,0,10000
113497,0,10000
113498,0,10000
113499,0,10000
113500,0,10000
113501,0,10000
113502,0,10000
113503,0,10000
113504,0,10000
113505,0,10000
113506,0,10000
113507,0,10000
113508,0,10000
113509,0,10000
113510,0,10000
113511,0,10000
113512,0,10000
113513,0,10000
113514,0,10000
113515,0,10000
113516,0,10000
113517,0,10000
113518,0,10000
113519,0,10000
113520,0,10000
113521,0,10000
113522,0,10000
113523,0,10000
113524,0,10000
113525,0,10000
113526,0,10000
113527,0,10000
113528,0,10000
113529,0,10000
113530,0,10000
113531,0,10000
113532,0,10000
113533,0,10000
113534,0,10000
113535,0,10000
113536,0,10000
113537,0,10000
113538,0,10000
113539,0,10000
113540,0,10000
113541,0,10000
113542,0,10000
113543,0,10000
113544,0,10000
113545,0,10000
113546,0,10000
113547,0,10000
113548,0,10000
113549,0,10000
113550,0,10000
113551,0,10000
113552,0,10000
113553,0,10000
113554,0,10000
113555,0,10000
113556,0,10000
113557,0,10000
113558,0,10000
113559,0,10000
113560,0,10000
113561,0,10000
113562,0,10000
113563,0,10000
113564,0,10000
113565,0,10000
113566,0,10000
113567,0,10000
113568,0,10000
113569,0,10000
113570,0,10000
113571,0,10000
113572,0,10000
113573,0,10000
113574,0,10000
113575,0,10000
113576,0,10000
113577,0,10000
113578,0,10000
113579,0,10000
113580,0,10000
113581,0,10000
113582,0,10000
113583,0,10000
113584,0,10000
113585,0,10000
113586,0,10000
113587,0,10000
113588,0,10000
113589,0,10000
113590,0,10000
113591,0,10000
113592,0,10000
113593,0,10000
113594,0,10000
113595,0,10000
113596,0,10000
113597,0,10000
113598,0,10000
113599,0,10000
113600,0,10000
113601,0,10000
113602,0,10000
113603,0,10000
113604,0,10000
113605,0,10000
113606,0,10000
113607,0,10000
113608,0,10000
113609,0,10000
113610,0,10000
113611,0,10000
113612,0,10000
113613,0,10000
113614,0,10000
113615,0,10000
113616,0,10000
113617,0,10000
113618,0,10000
113619,0,10000
113620,0,10000
113621,0,10000
113622,0,10000
113623,0,10000
113624,0,10000
113625,0,10000
113626,0,10000
113627,0,10000
113628,0,10000
113629,0,10000
113630,0,10000
113631,0,10000
113632,0,10000
113633,0,10000
113634,0,10000
113635,0,10000
113636,0,10000
113637,0,10000
113638,0,10000
113639,0,10000
113640,0,10000
113641,0,10000
113642,0,10000
113643,0,10000
113644,0,10000
113645,0,10000
113646,0,10000
113647,0,10000
113648,0,10000
113649,0,10000
113650,0,10000
113651,0,10000
113652,0,10000
113653,0,10000
113654,0,10000
113655,0,10000
113656,0,10000
113657,0,10000
113658,0,10000
113659,0,10000
113660,0,10000
113661,0,10000
113662,0,10000
113663,0,10000
113664,0,10000
113665,0,10000
113666,0,10000
113667,0,10000
113668,0,10000
113669,0,10000
113670,0,10000
113671,0,10000
113672,0,10000
113673,0,10000
113674,0,10000
113675,0,10000
113676,0,10000
113677,0,10000
113678,0,10000
113679,0,10000
113680,0,10000
113681,0,10000
113682,0,10000
113683,0,10000
113684,0,10000
113685,0,10000
113686,0,10000
113687,0,10000
113688,0,10000
113689,0,10000
113690,0,10000
113691,0,10000
113692,0,10000
113693,0,10000
113694,0,10000
113695,0,10000
113696,0,10000
113697,0,10000
113698,0,10000
113699,0,10000
113700,0,10000
113701,0,10000
113702,0,10000
113703,0,10000
113704,0,10000
113705,0,10000
113706,0,10000
113707,0,10000
113708,0,10000
113709,0,10000
113710,0,10000
113711,0,10000
113712,0,10000
113713,0,10000
113714,0,10000
113715,0,10000
113716,0,10000
113717,0,10000
113718,0,10000
113719,0,10000
113720,0,10000
113721,0,10000
113722,0,10000
113723,0,10000
113724,0,10000
113725,0,10000
113726,0,10000
113727,0,10000
113728,0,10000
113729,0,10000
113730,0,10000
113731,0,10000
113732,0,10000
113733,0,10000
113734,0,10000
113735,0,10000
113736,0,10000
113737,0,10000
113738,0,10000
113739,0,10000
113740,0,10000
113741,0,10000
113742,0,10000
113743,0,10000
113744,0,10000
113745,0,10000
113746,0,10000
113747,0,10000
113748,0,10000
113749,0,10000
113750,0,10000
113751,0,10000
113752,0,10000
113753,0,10000
113754,0,10000
113755,0,10000
113756,0,10000
113757,0,10000
113758,0,10000
113759,0,10000
113760,0,10000
113761,0,10000
113762,0,10000
113763,0,10000
113764,0,10000
113765,0,10000
113766,0,10000
113767,0,10000
113768,0,10000
113769,0,10000
113770,0,10000
